,Street_ID_Add,Street_Name_Add,Street_ID_Train,Street_Name_Train,Edit_distance,Street_Name_Add_Raw,Street_Name_Train_Raw,min_edit_distance,addressid_equals_edit_dist
0,1,SN19CDANGVANNGU,1,DANGVANNGU,5,"SN 19C, Đặng Văn Ngữ",Đặng Văn Ngữ,1,1
1,1,SN364DANGAVNNGU,1,DANGVANNGU,7,"SN 364, Đặng ăVn Ngữ",Đặng Văn Ngữ,1,1
2,1,SN41BNAENGVAENNGOO,1,DANGVANNGU,10,"SN 41B, Ñaëng Vaên Ngöõ",Đặng Văn Ngữ,1,1
3,1,SN526CDANGVANNGU,1,DANGVANNGU,6,"SN 526C, Đặng Văn Ngữ",Đặng Văn Ngữ,1,1
4,1,SN601DANGVAN,1,DANGVANNGU,8,"SN 601, Đặng Văn",Đặng Văn Ngữ,1,1
5,1,SN68350DANGVANNGU,1,DANGVANNGU,7,"SN 683/50, Đặng Văn Ngữ",Đặng Văn Ngữ,1,1
6,1,SN69569KHONGXACDINHDANGVANNGU,1,DANGVANNGU,19,"SN 695/69, Không xác định Đặng Văn Ngữ",Đặng Văn Ngữ,1,1
7,1,SN78DANGVNANGU,1,DANGVANNGU,6,"SN 78, Đặng Vnă Ngữ",Đặng Văn Ngữ,1,1
8,1,SN809ADANGVANNGU,1,DANGVANNGU,6,"SN 809A, Đặng Văn Ngự",Đặng Văn Ngữ,1,1
9,1,SN904BVANNGU,1,DANGVANNGU,6,"SN 904B, Văn Ngữ",Đặng Văn Ngữ,1,1
10,1,SN94379NHATRONGDANGVANNGU,1,DANGVANNGU,15,"SN 943/79, Nhà trống Đặng Văn Ngử",Đặng Văn Ngữ,1,1
21,2,SN73223NGUYENVANCU,2,NGUYENVANCU,7,"SN 732/23, Nguyễn Văn Cừ",Nguyễn Văn Cừ,1,1
20,2,SN724ANGUYEANVAENCOO,2,NGUYENVANCU,10,"SN 724A, Nguyeãn Vaên Cöø",Nguyễn Văn Cừ,1,1
19,2,SN70062NGUYENVANCU,2,NGUYENVANCU,7,"SN 700/62, Nguyên Văn Cự",Nguyễn Văn Cừ,1,1
18,2,SN6919ANGUYENVNACU,2,NGUYENVANCU,9,"SN 69/19A, Nguyễn Vnă Cừ",Nguyễn Văn Cừ,1,1
17,2,SN5333CPHONGUYENVANCU,2,NGUYENVANCU,10,"SN 533/3C, Phố Nguyễn Văn Cừ",Nguyễn Văn Cừ,1,1
13,2,SN252BNGUYENVANCU,2,NGUYENVANCU,6,"SN 252B, Nguyễn Văn Cừ",Nguyễn Văn Cừ,1,1
15,2,SN45860BNGUYENVAN,2,NGUYENVANCU,10,"SN 458/60B, Nguyên Văn",Nguyễn Văn Cừ,1,1
14,2,SN377CNGUYENVAN,2,NGUYENVANCU,8,"SN 377C, Nguyễn Văn",Nguyễn Văn Cừ,1,1
12,2,SN243BNGUYENVANCU,2,NGUYENVANCU,6,"SN 243B, Nguyễn Văn Cừ",Nguyễn Văn Cừ,1,1
11,2,SN198BNGYUENVANCU,2,NGUYENVANCU,8,"SN 198B, Ngyuễn Văn Cừ",Nguyễn Văn Cừ,1,1
16,2,SN492CKHONGBIETNGUYENVANCU,2,NGUYENVANCU,15,"SN 492C, Không biết Nguyển Văn Cứ",Nguyễn Văn Cừ,1,1
28,3,SN711TRANHUNGDAO,3,TRANHUNGDAO,5,"SN 711, Trần Hưng Đạo",Trần Hưng Đạo,1,1
31,3,SN97598BTRANHUNGDAO,3,TRANHUNGDAO,8,"SN 975/98B, Trần Hưng Đạo",Trần Hưng Đạo,1,1
30,3,SN95218PHOTRANHUNGDAO,3,TRANHUNGDAO,10,"SN 952/18, Phố Trấn Hững Đào",Trần Hưng Đạo,1,1
29,3,SN88036CTRANHUNGDAO,3,TRANHUNGDAO,8,"SN 880/36C, Trấn Hứng Đáo",Trần Hưng Đạo,1,1
27,3,SN683TRNAHUNGDAO,3,TRANHUNGDAO,7,"SN 683, Trnầ Hưng Đạo",Trần Hưng Đạo,1,1
1046,3,SN82886TRANDAO,3,TRANHUNGDAO,11,"SN 828/86, Trần Đạo",Trần Hưng Đạo,0,0
25,3,SN451BTRAANHONGNAIO,3,TRANHUNGDAO,10,"SN 451B, Traàn Höng Ñaïo",Trần Hưng Đạo,1,1
22,3,SN12TRANHUNG,3,TRANHUNGDAO,7,"SN 12, Trẩn Hừng",Trần Hưng Đạo,1,1
26,3,SN582CPHUONGTRANHUNGDAO,3,TRANHUNGDAO,12,"SN 582C, Phường Trần Hưng Đạo",Trần Hưng Đạo,1,1
24,3,SN272BTRANHUNGADO,3,TRANHUNGDAO,8,"SN 272B, Trần Hưng ạĐo",Trần Hưng Đạo,1,1
23,3,SN13277TRANHUNGDAO,3,TRANHUNGDAO,7,"SN 132/77, Trần Hưng Đạo",Trần Hưng Đạo,1,1
1047,4,SN356BPHAMVAN,4,PHAMVANDONG,10,"SN 35/6B, Phám Văn",Phạm Văn Đồng,0,0
41,4,SN9923PHAMVANDONG,4,PHAMVANDONG,6,"SN 992/3, Phàm Văn Đông",Phạm Văn Đồng,1,1
40,4,SN97123PHAIMVAENNOANG,4,PHAMVANDONG,11,"SN 971/23, Phaïm Vaên Ñoàng",Phạm Văn Đồng,1,1
38,4,SN75118PHAMVANDONG,4,PHAMVANDONG,7,"SN 751/18, Phạm Văn Đồng",Phạm Văn Đồng,1,1
39,4,SN814PHUONGPHAMVANDONG,4,PHAMVANDONG,11,"SN 814, Phường Phám Văn Đỗng",Phạm Văn Đồng,1,1
36,4,SN66340PHAMVANDONG,4,PHAMVANDONG,7,"SN 663/40, Phạm Văn Đồng",Phạm Văn Đồng,1,1
35,4,SN507CVANDONG,4,PHAMVANDONG,6,"SN 507C, Văn Đồng",Phạm Văn Đồng,1,1
34,4,SN2777HPAMVANDONG,4,PHAMVANDONG,7,"SN 277/7, hPạm Văn Đồng",Phạm Văn Đồng,1,1
33,4,SN2228APHAMVANDONG,4,PHAMVANDONG,7,"SN 222/8A, Phạm Văn Đồng",Phạm Văn Đồng,1,1
32,4,SN112PHMAVANDONG,4,PHAMVANDONG,7,"SN 112, Phmạ Văn Đồng",Phạm Văn Đồng,1,1
37,4,SN724BPHOPHAMVANDONG,4,PHAMVANDONG,9,"SN 724B, Phố Phạm Văn Đồng",Phạm Văn Đồng,1,1
50,5,SN64986GNUYENTRIPHUONG,5,NGUYENTRIPHUONG,7,"SN 649/86, gNuyễn Tri Phương",Nguyễn Tri Phương,1,1
1048,5,SN11314BNGUYENTRI,5,NGUYENTRIPHUONG,14,"SN 113/14B, Nguyến Tri",Nguyễn Tri Phương,0,0
51,5,SN661NGUYENTRIPHUONG,5,NGUYENTRIPHUONG,5,"SN 661, Nguyền Tri Phữởng",Nguyễn Tri Phương,1,1
48,5,SN519KHONGBIETNGUYENTRIPHUONG,5,NGUYENTRIPHUONG,14,"SN 519, Không biết Nguyện Tri Phửớng",Nguyễn Tri Phương,1,1
49,5,SN5772ANGUYENTRIPHUONG,5,NGUYENTRIPHUONG,7,"SN 57/72A, Nguyễn Tri Phương",Nguyễn Tri Phương,1,1
42,5,SN16ATRIPHUONG,5,NGUYENTRIPHUONG,6,"SN 16A, Tri Phương",Nguyễn Tri Phương,1,1
46,5,SN46CKHONGBIETNGUYENTRIPHUONG,5,NGUYENTRIPHUONG,14,"SN 46C, Không biết Nguyễn Tri Phương",Nguyễn Tri Phương,1,1
45,5,SN39477ANGUYENTRIPHUONG,5,NGUYENTRIPHUONG,8,"SN 394/77A, Nguyễn Tri Phương",Nguyễn Tri Phương,1,1
44,5,SN381NGUYEANTRIPHOONG,5,NGUYENTRIPHUONG,7,"SN 381, Nguyeãn Tri Phöông",Nguyễn Tri Phương,1,1
43,5,SN23899BNGUYENTRIHPUONG,5,NGUYENTRIPHUONG,10,"SN 238/99B, Nguyễn Tri hPương",Nguyễn Tri Phương,1,1
47,5,SN518CNGUYENTRIPHUONG,5,NGUYENTRIPHUONG,6,"SN 518C, Nguyễn Tri Phương",Nguyễn Tri Phương,1,1
1049,6,SN948ALEVAN,6,LEVANSY,8,"SN 948A, Lê Văn",Lê Văn Sỹ,0,0
61,6,SN8232LEVANYS,6,LEVANSY,8,"SN 82/32, Lê Văn ỹS",Lê Văn Sỹ,1,1
60,6,SN8191BLESY,6,LEVANSY,9,"SN 819/1B, Lệ Sỳ",Lê Văn Sỹ,1,1
59,6,SN80482BLEVANSY,6,LEVANSY,8,"SN 804/82B, Lê Văn Sỹ",Lê Văn Sỹ,1,1
58,6,SN729CLEVANSY,6,LEVANSY,6,"SN 729C, Lệ Văn Sỷ",Lê Văn Sỹ,1,1
55,6,SN55052CSHLEVANSY,6,LEVANSY,10,"SN 550/52, CSH Lề Văn Sỳ",Lê Văn Sỹ,1,1
54,6,SN38962ELVANSY,6,LEVANSY,8,"SN 389/62, êL Văn Sỹ",Lê Văn Sỹ,1,1
53,6,SN32055BLEVANSY,6,LEVANSY,8,"SN 320/55B, Lê Văn Sỹ",Lê Văn Sỹ,1,1
52,6,SN286LEAVAENSYO,6,LEVANSY,8,"SN 286, Leâ Vaên Syõ",Lê Văn Sỹ,1,1
56,6,SN62652BNGOLEVANSY,6,LEVANSY,11,"SN 626/52B, Ngõ Lê Văn Sỹ",Lê Văn Sỹ,1,1
57,6,SN721LEVANSY,6,LEVANSY,5,"SN 721, Lê Văn Sỹ",Lê Văn Sỹ,1,1
71,7,SN925BPHANDINHPHUNG,7,PHANDINHPHUNG,6,"SN 925B, Phan Đình Phùng",Phan Đình Phùng,1,1
72,7,SN92981BPHANDINHPHUNG,7,PHANDINHPHUNG,8,"SN 929/81B, Phan Đỉnh Phúng",Phan Đình Phùng,1,1
70,7,SN79840CPHANDINHPHUNG,7,PHANDINHPHUNG,8,"SN 798/40C, Phan Đình Phùng",Phan Đình Phùng,1,1
66,7,SN46686PHANNINHPHUONG,7,PHANDINHPHUNG,9,"SN 466/86, Phan Ñình Phuøng",Phan Đình Phùng,1,1
68,7,SN50174CPHANDINHPHUNG,7,PHANDINHPHUNG,8,"SN 501/74C, Phan Đình Phùng",Phan Đình Phùng,1,1
67,7,SN48794PHANDINHPUHNG,7,PHANDINHPHUNG,9,"SN 487/94, Phan Đình Pùhng",Phan Đình Phùng,1,1
62,7,SN111DINHPHUNG,7,PHANDINHPHUNG,5,"SN 111, Đình Phùng",Phan Đình Phùng,1,1
65,7,SN44556DINHPHUNG,7,PHANDINHPHUNG,7,"SN 445/56, Định Phũng",Phan Đình Phùng,1,1
64,7,SN413BPHANDINHHPUNG,7,PHANDINHPHUNG,8,"SN 413B, Phan Đình hPùng",Phan Đình Phùng,1,1
69,7,SN783BNHATRONGPHANDINHPHUNG,7,PHANDINHPHUNG,14,"SN 783B, Nhà trống Phan Đình Phùng",Phan Đình Phùng,1,1
63,7,SN21624KHONGBIETPHANDINHPHUNG,7,PHANDINHPHUNG,16,"SN 216/24, Không biết Phan Đỉnh Phụng",Phan Đình Phùng,1,1
83,8,SN950HOANGTHU,8,HOANGVANTHU,8,"SN 950, Hoàng Thụ",Hoàng Văn Thụ,1,1
82,8,SN823HOANGVANTHU,8,HOANGVANTHU,5,"SN 823, Hoàng Văn Thụ",Hoàng Văn Thụ,1,1
81,8,SN788HOANGVANTHU,8,HOANGVANTHU,5,"SN 788, Hoáng Văn Thù",Hoàng Văn Thụ,1,1
80,8,SN7491HOANGVAN,8,HOANGVANTHU,9,"SN 749/1, Hoãng Văn",Hoàng Văn Thụ,1,1
79,8,SN64618CHOAONGVAENTHUI,8,HOANGVANTHU,11,"SN 646/18C, Hoaøng Vaên Thuï",Hoàng Văn Thụ,1,1
78,8,SN616AHOANGVANTUH,8,HOANGVANTHU,8,"SN 616A, Hoàng Văn Tụh",Hoàng Văn Thụ,1,1
77,8,SN59030CSHHOANGVANTHU,8,HOANGVANTHU,10,"SN 590/30, CSH Hoàng Văn Thụ",Hoàng Văn Thụ,1,1
76,8,SN38CNHATRONGHOANGVANTHU,8,HOANGVANTHU,13,"SN 38C, Nhà trống Hoảng Văn Thủ",Hoàng Văn Thụ,1,1
75,8,SN327HOANGVANTHU,8,HOANGVANTHU,5,"SN 327, Hoàng Văn Thụ",Hoàng Văn Thụ,1,1
74,8,SN206HONAGVANTHU,8,HOANGVANTHU,7,"SN 206, Honàg Văn Thụ",Hoàng Văn Thụ,1,1
73,8,SN199AHOANGVANTHU,8,HOANGVANTHU,6,"SN 199A, Hoàng Văn Thụ",Hoàng Văn Thụ,1,1
94,9,SN82754LYTHUONGKIET,9,LYTHUONGKIET,7,"SN 827/54, Lỹ Thứởng Kiễt",Lý Thường Kiệt,1,1
93,9,SN78214BTHUONGKIET,9,LYTHUONGKIET,8,"SN 782/14B, Thửơng Kiểt",Lý Thường Kiệt,1,1
92,9,SN75379CSHLYTHUONGKIET,9,LYTHUONGKIET,10,"SN 753/79, CSH Lỵ Thữỡng Kiểt",Lý Thường Kiệt,1,1
85,9,SN36CYLTHUONGKIET,9,LYTHUONGKIET,6,"SN 36C, ýL Thường Kiệt",Lý Thường Kiệt,1,1
90,9,SN55811CLYTUHONGKIET,9,LYTHUONGKIET,10,"SN 558/11C, Lý Tưhờng Kiệt",Lý Thường Kiệt,1,1
89,9,SN545APHOLYTHUONGKIET,9,LYTHUONGKIET,9,"SN 545A, Phố Lý Thường Kiệt",Lý Thường Kiệt,1,1
88,9,SN486LYTHUONGKIET,9,LYTHUONGKIET,5,"SN 486, Lý Thường Kiệt",Lý Thường Kiệt,1,1
87,9,SN46363LYTHUONGKIET,9,LYTHUONGKIET,7,"SN 463/63, Lý Thường Kiệt",Lý Thường Kiệt,1,1
86,9,SN40553THUONGKIET,9,LYTHUONGKIET,7,"SN 405/53, Thường Kiệt",Lý Thường Kiệt,1,1
84,9,SN21459ALYUTHOOONGKIEAT,9,LYTHUONGKIET,12,"SN 214/59A, Lyù Thöôøng Kieät",Lý Thường Kiệt,1,1
91,9,SN59866ALYTHUONGKIET,9,LYTHUONGKIET,8,"SN 598/66A, Lý Thường Kiệt",Lý Thường Kiệt,1,1
104,10,SN787BAHUYENQUAN,10,BAHUYENTHANHQUAN,10,"SN 787, Bà Huyện Quan",Bà Huyện Thanh Quan,1,1
105,10,SN866BATHANHQUAN,10,BAHUYENTHANHQUAN,7,"SN 866, Bá Thanh Quan",Bà Huyện Thanh Quan,1,1
103,10,SN76575BAHUYNETHANHQUAN,10,BAHUYENTHANHQUAN,9,"SN 765/75, Bà Huynệ Thanh Quan",Bà Huyện Thanh Quan,1,1
98,10,SN641BBAHUYENTHANHQUAN,10,BAHUYENTHANHQUAN,6,"SN 641B, Bạ Huyên Thanh Quan",Bà Huyện Thanh Quan,1,1
101,10,SN684ABHUYENTHANHQUAN,10,BAHUYENTHANHQUAN,6,"SN 684, àB Huyện Thanh Quan",Bà Huyện Thanh Quan,1,1
97,10,SN42297ANGOBAHUYENTHANHQUAN,10,BAHUYENTHANHQUAN,11,"SN 422/97A, Ngõ Bà Huyện Thanh Quan",Bà Huyện Thanh Quan,1,1
96,10,SN25127BAHUYENTHANHQUAN,10,BAHUYENTHANHQUAN,7,"SN 251/27, Bà Huyện Thanh Quan",Bà Huyện Thanh Quan,1,1
95,10,SN23385BBAHUYENTHANHQUAN,10,BAHUYENTHANHQUAN,8,"SN 233/85B, Bà Huyện Thanh Quan",Bà Huyện Thanh Quan,1,1
102,10,SN728KHONGXACDINHBAHUYENTHANHQUAN,10,BAHUYENTHANHQUAN,17,"SN 728, Không xác định Bá Huyển Thanh Quan",Bà Huyện Thanh Quan,1,1
100,10,SN65871BAHUYENTHANHQUAN,10,BAHUYENTHANHQUAN,7,"SN 658/71, Bà Huyện Thanh Quan",Bà Huyện Thanh Quan,1,1
99,10,SN6459CBAOHUYEANTHANHQUAN,10,BAHUYENTHANHQUAN,9,"SN 645/9C, Baø Huyeän Thanh Quan",Bà Huyện Thanh Quan,1,1
108,11,SN154CTONDUCTHANG,11,TONDUCTHANG,6,"SN 154C, Tôn Đức Thắng",Tôn Đức Thắng,1,1
109,11,SN23451CTOANNOUCTHAENG,11,TONDUCTHANG,12,"SN 234/51C, Toân Ñöùc Thaéng",Tôn Đức Thắng,1,1
110,11,SN31KHONGXACDINHTONDUCTHANG,11,TONDUCTHANG,16,"SN 31, Không xác định Tỗn Đừc Thắng",Tôn Đức Thắng,1,1
111,11,SN318BTONDUCTHANG,11,TONDUCTHANG,6,"SN 318B, Tôn Đức Thắng",Tôn Đức Thắng,1,1
112,11,SN71874ATONTHANG,11,TONDUCTHANG,11,"SN 718/74A, Tộn Thắng",Tôn Đức Thắng,1,1
113,11,SN770TONDUCTHNAG,11,TONDUCTHANG,7,"SN 770, Tôn Đức Thnắg",Tôn Đức Thắng,1,1
114,11,SN910NHATRONGTONDUCTHANG,11,TONDUCTHANG,13,"SN 910, Nhà trống Tôn Đức Thắng",Tôn Đức Thắng,1,1
115,11,SN94822DUCTHANG,11,TONDUCTHANG,7,"SN 948/22, Đức Thắng",Tôn Đức Thắng,1,1
116,11,SN9746TONDUCTHANG,11,TONDUCTHANG,6,"SN 974/6, Tổn Đưc Thắng",Tôn Đức Thắng,1,1
106,11,SN1099TONDUCTHANG,11,TONDUCTHANG,6,"SN 109/9, Tôn Đức Thắng",Tôn Đức Thắng,1,1
107,11,SN112TONDCUTHANG,11,TONDUCTHANG,7,"SN 112, Tôn Đcứ Thắng",Tôn Đức Thắng,1,1
127,12,SN97261NGUYEANVAENTROAI,12,NGUYENVANTROI,10,"SN 972/61, Nguyeãn Vaên Troãi",Nguyễn Văn Trỗi,1,1
126,12,SN96790KHONGBIETNGUYENVANTROI,12,NGUYENVANTROI,16,"SN 967/90, Không biết Nguyển Văn Trội",Nguyễn Văn Trỗi,1,1
125,12,SN87719CNGUYENVNATROI,12,NGUYENVANTROI,10,"SN 877/19C, Nguyễn Vnă Trỗi",Nguyễn Văn Trỗi,1,1
121,12,SN743NGUYENVANTROI,12,NGUYENVANTROI,5,"SN 743, Nguyễn Văn Trỗi",Nguyễn Văn Trỗi,1,1
123,12,SN81998NGUYENTROI,12,NGUYENVANTROI,10,"SN 819/98, Nguyến Trội",Nguyễn Văn Trỗi,1,1
122,12,SN7530CSHNGUYENVANTROI,12,NGUYENVANTROI,9,"SN 75/30, CSH Nguyễn Văn Trỗi",Nguyễn Văn Trỗi,1,1
120,12,SN490BNGYUENVANTROI,12,NGUYENVANTROI,8,"SN 490B, Ngyuễn Văn Trỗi",Nguyễn Văn Trỗi,1,1
119,12,SN35871VANTROI,12,NGUYENVANTROI,6,"SN 358/71, Văn Trỗi",Nguyễn Văn Trỗi,1,1
117,12,SN22665NGUYENVANTROI,12,NGUYENVANTROI,7,"SN 226/65, Nguyên Văn Trổi",Nguyễn Văn Trỗi,1,1
124,12,SN84960NGUYENVANTROI,12,NGUYENVANTROI,7,"SN 849/60, Nguyễn Văn Trỗi",Nguyễn Văn Trỗi,1,1
118,12,SN30320NGUYENVANTROI,12,NGUYENVANTROI,7,"SN 303/20, Nguyễn Văn Trỗi",Nguyễn Văn Trỗi,1,1
136,13,SN62783CNGUYENTHIMNIHKHAI,13,NGUYENTHIMINHKHAI,10,"SN 627/83C, Nguyễn Thị Mnih Khai",Nguyễn Thị Minh Khai,1,1
138,13,SN7483NGUYENTHIMINHKHAI,13,NGUYENTHIMINHKHAI,6,"SN 748/3, Nguyễn Thị Minh Khai",Nguyễn Thị Minh Khai,1,1
137,13,SN72586CNGUYENMINHKHAI,13,NGUYENTHIMINHKHAI,11,"SN 725/86C, Nguyễn Minh Khai",Nguyễn Thị Minh Khai,1,1
134,13,SN585NGUYENHTIMINHKHAI,13,NGUYENTHIMINHKHAI,7,"SN 585, Nguyễn hTị Minh Khai",Nguyễn Thị Minh Khai,1,1
133,13,SN412ANGUYEANTHOMINHKHAI,13,NGUYENTHIMINHKHAI,8,"SN 412A, Nguyeãn Thò Minh Khai",Nguyễn Thị Minh Khai,1,1
132,13,SN35463NHATRONGNGUYENTHIMINHKHAI,13,NGUYENTHIMINHKHAI,15,"SN 354/63, Nhà trống Nguyễn Thị Minh Khai",Nguyễn Thị Minh Khai,1,1
131,13,SN24039AKHONGBIETNGUYENTHIMINHKHAI,13,NGUYENTHIMINHKHAI,17,"SN 240/39A, Không biết Nguyền Thĩ Minh Khai",Nguyễn Thị Minh Khai,1,1
130,13,SN1719NGUYENTHIMINHKHAI,13,NGUYENTHIMINHKHAI,6,"SN 171/9, Nguyến Thĩ Minh Khai",Nguyễn Thị Minh Khai,1,1
135,13,SN590NGUYENTHIMINHKHAI,13,NGUYENTHIMINHKHAI,5,"SN 590, Nguyễn Thị Minh Khai",Nguyễn Thị Minh Khai,1,1
129,13,SN147NGUYENTHIKHAI,13,NGUYENTHIMINHKHAI,9,"SN 147, Nguyển Thì Khai",Nguyễn Thị Minh Khai,1,1
128,13,SN12696NGUYENTHIMINHKHAI,13,NGUYENTHIMINHKHAI,7,"SN 126/96, Nguyễn Thị Minh Khai",Nguyễn Thị Minh Khai,1,1
1050,14,SN77763VOVAN,14,VOVANTAN,10,"SN 777/63, Võ Văn",Võ Văn Tần,0,0
148,14,SN723VOOVAENTAAN,14,VOVANTAN,8,"SN 723, Voõ Vaên Taàn",Võ Văn Tần,1,1
147,14,SN5545CVOVANTAN,14,VOVANTAN,7,"SN 554/5C, Võ Văn Tần",Võ Văn Tần,1,1
146,14,SN530VOAVNTAN,14,VOVANTAN,7,"SN 530, Võ ăVn Tần",Võ Văn Tần,1,1
145,14,SN504VOTAN,14,VOVANTAN,7,"SN 504, Vỏ Tẩn",Võ Văn Tần,1,1
144,14,SN4031VOVNATAN,14,VOVANTAN,8,"SN 40/31, Võ Vnă Tần",Võ Văn Tần,1,1
143,14,SN391NHATRONGVOVANTAN,14,VOVANTAN,13,"SN 391, Nhà trống Vó Văn Tận",Võ Văn Tần,1,1
142,14,SN37VOVANTAN,14,VOVANTAN,4,"SN 37, Vọ Văn Tân",Võ Văn Tần,1,1
141,14,SN360BVOVANTAN,14,VOVANTAN,6,"SN 360B, Võ Văn Tần",Võ Văn Tần,1,1
140,14,SN19286AVOVANTAN,14,VOVANTAN,8,"SN 192/86A, Võ Văn Tần",Võ Văn Tần,1,1
139,14,SN113HEMVOVANTAN,14,VOVANTAN,8,"SN 113, Hẻm Võ Văn Tần",Võ Văn Tần,1,1
1051,15,SN85981LETHANH,15,LETHANHTON,10,"SN 859/81, Lể Thãnh",Lê Thánh Tôn,0,0
158,15,SN96191BLETAHNHTON,15,LETHANHTON,10,"SN 961/91B, Lê Táhnh Tôn",Lê Thánh Tôn,1,1
157,15,SN93813BLETHANHTON,15,LETHANHTON,8,"SN 938/13B, Lê Thánh Tôn",Lê Thánh Tôn,1,1
151,15,SN404BLETHANHTON,15,LETHANHTON,6,"SN 404B, Lê Thánh Tôn",Lê Thánh Tôn,1,1
155,15,SN79691ATHANHTON,15,LETHANHTON,8,"SN 796/91A, Thánh Tôn",Lê Thánh Tôn,1,1
154,15,SN58344CNHA2TANGLETHANHTON,15,LETHANHTON,16,"SN 583/44C, Nhà 2 tầng Lê Thánh Tôn",Lê Thánh Tôn,1,1
153,15,SN48PHOLETHANHTON,15,LETHANHTON,7,"SN 48, Phố Lể Thạnh Tổn",Lê Thánh Tôn,1,1
152,15,SN454LEATHAUNHTOAN,15,LETHANHTON,8,"SN 454, Leâ Thaùnh Toân",Lê Thánh Tôn,1,1
150,15,SN380CLETHANHTON,15,LETHANHTON,6,"SN 380C, Lề Thảnh Tỗn",Lê Thánh Tôn,1,1
149,15,SN27257ALETHANHTON,15,LETHANHTON,8,"SN 272/57A, Lê Thánh Tôn",Lê Thánh Tôn,1,1
156,15,SN87751ELTHANHTON,15,LETHANHTON,8,"SN 877/51, êL Thánh Tôn",Lê Thánh Tôn,1,1
1052,16,SN18019DINHTIEN,16,DINHTIENHOANG,12,"SN 18019, Đinh Tiên",Đinh Tiên Hoàng,0,0
168,16,SN86568CDINHTEINHOANG,16,DINHTIENHOANG,10,"SN 865/68C, Đinh Têin Hoàng",Đinh Tiên Hoàng,1,1
164,16,SN532DINHTIENHOANG,16,DINHTIENHOANG,5,"SN 53/2, Đinh Tiên Hoàng",Đinh Tiên Hoàng,1,1
166,16,SN7135CNINHTIEANHOAONG,16,DINHTIENHOANG,10,"SN 71/35C, Ñinh Tieân Hoaøng",Đinh Tiên Hoàng,1,1
159,16,SN16279ADINHTIENHOANG,16,DINHTIENHOANG,8,"SN 162/79A, Đinh Tiễn Hoãng",Đinh Tiên Hoàng,1,1
160,16,SN1982DINHTIENHOANG,16,DINHTIENHOANG,6,"SN 19/82, Đinh Tiên Hoàng",Đinh Tiên Hoàng,1,1
161,16,SN33136ANHA2TANGDINHTIENHOANG,16,DINHTIENHOANG,16,"SN 331/36A, Nhà 2 tầng Đinh Tiền Hoảng",Đinh Tiên Hoàng,1,1
163,16,SN44897BAPDINHTIENHOANG,16,DINHTIENHOANG,10,"SN 448/97B, Ấp Đinh Tiên Hoàng",Đinh Tiên Hoàng,1,1
165,16,SN7039CDINHTINEHOANG,16,DINHTIENHOANG,9,"SN 703/9C, Đinh Tinê Hoàng",Đinh Tiên Hoàng,1,1
167,16,SN765CDINHTIENHOANG,16,DINHTIENHOANG,6,"SN 765C, Đinh Tiên Hoàng",Đinh Tiên Hoàng,1,1
162,16,SN41363TIENHOANG,16,DINHTIENHOANG,7,"SN 413/63, Tiền Hoạng",Đinh Tiên Hoàng,1,1
176,17,SN62576NGUYENHUUCANH,17,NGUYENHUUCANH,7,"SN 625/76, Nguyễn Hữu Cảnh",Nguyễn Hữu Cảnh,1,1
171,17,SN22136NHA2TANGNGUYENHUUCANH,17,NGUYENHUUCANH,15,"SN 221/36, Nhà 2 tầng Nguyên Hửu Cãnh",Nguyễn Hữu Cảnh,1,1
170,17,SN173NGUYENHUUCANH,17,NGUYENHUUCANH,5,"SN 173, Nguyễn Hữu Cảnh",Nguyễn Hữu Cảnh,1,1
169,17,SN133HUUCANH,17,NGUYENHUUCANH,6,"SN 133, Hữu Cảnh",Nguyễn Hữu Cảnh,1,1
175,17,SN61KHONGBIETNGUYENHUUCANH,17,NGUYENHUUCANH,13,"SN 61, Không biết Nguyễn Hữu Cảnh",Nguyễn Hữu Cảnh,1,1
1053,17,SN120CNGUYENHUU,17,NGUYENHUUCANH,10,"SN 120C, Nguyển Hừu",Nguyễn Hữu Cảnh,0,0
174,17,SN42923NGUYEANHOOUCAUNH,17,NGUYENHUUCANH,11,"SN 429/23, Nguyeãn Höõu Caûnh",Nguyễn Hữu Cảnh,1,1
172,17,SN32831NGUYENHUUCANH,17,NGUYENHUUCANH,7,"SN 328/31, Nguyễn Hữu Cảnh",Nguyễn Hữu Cảnh,1,1
173,17,SN41924NGUYENHUUCAHN,17,NGUYENHUUCANH,9,"SN 419/24, Nguyễn Hữu Cảhn",Nguyễn Hữu Cảnh,1,1
178,17,SN992ANUGYENHUUCANH,17,NGUYENHUUCANH,7,"SN 992A, Nugyễn Hữu Cảnh",Nguyễn Hữu Cảnh,1,1
177,17,SN957CNGUYENHUUCANH,17,NGUYENHUUCANH,6,"SN 957C, Nguyến Hứu Cánh",Nguyễn Hữu Cảnh,1,1
185,18,SN701BPHANCHUTRINH,18,PHANCHUTRINH,6,"SN 701B, Phan Chu Trinh",Phan Chu Trinh,1,1
182,18,SN342APHANCHUTRINH,18,PHANCHUTRINH,6,"SN 342A, Phan Chu Trinh",Phan Chu Trinh,1,1
181,18,SN3069ACHUTRINH,18,PHANCHUTRINH,7,"SN 30/69A, Chu Trinh",Phan Chu Trinh,1,1
180,18,SN272PHANCHURTINH,18,PHANCHUTRINH,7,"SN 272, Phan Chu rTinh",Phan Chu Trinh,1,1
179,18,SN11948CPHANCHUTRINH,18,PHANCHUTRINH,8,"SN 119/48C, Phan Chu Trinh",Phan Chu Trinh,1,1
183,18,SN44154AKHONGXACDINHPHANCHUTRINH,18,PHANCHUTRINH,20,"SN 441/54A, Không xác định Phan Chu Trinh",Phan Chu Trinh,1,1
184,18,SN5727PHANCHUTIRNH,18,PHANCHUTRINH,8,"SN 572/7, Phan Chu Tirnh",Phan Chu Trinh,1,1
189,18,SN91086PHANCHUTRINH,18,PHANCHUTRINH,7,"SN 910/86, Phan Chu Trinh",Phan Chu Trinh,1,1
188,18,SN892PHANCHUTRINH,18,PHANCHUTRINH,5,"SN 892, Phan Chu Trinh",Phan Chu Trinh,1,1
187,18,SN857PHANTRINH,18,PHANCHUTRINH,8,"SN 857, Phan Trinh",Phan Chu Trinh,1,1
186,18,SN766CNHA2TANGPHANCHUTRINH,18,PHANCHUTRINH,14,"SN 766C, Nhà 2 tầng Phan Chu Trinh",Phan Chu Trinh,1,1
194,19,SN486LYTUTRONG,19,LYTUTRONG,5,"SN 486, Lý Tự Trọng",Lý Tự Trọng,1,1
195,19,SN50LYTUTRONG,19,LYTUTRONG,4,"SN 50, Lý Tự Trọng",Lý Tự Trọng,1,1
196,19,SN658LYTUTRONG,19,LYTUTRONG,5,"SN 658, Lý Tự Trọng",Lý Tự Trọng,1,1
192,19,SN41632CLYUTOITROING,19,LYTUTRONG,12,"SN 416/32C, Lyù Töï Troïng",Lý Tự Trọng,1,1
198,19,SN720TUTRONG,19,LYTUTRONG,5,"SN 720, Tư Trỏng",Lý Tự Trọng,1,1
199,19,SN763LYTURTONG,19,LYTUTRONG,7,"SN 763, Lý Tự rTọng",Lý Tự Trọng,1,1
200,19,SN842ALYTRONG,19,LYTUTRONG,8,"SN 842A, Lý Trọng",Lý Tự Trọng,1,1
191,19,SN295BCSHLYTUTRONG,19,LYTUTRONG,9,"SN 295B, CSH Lỳ Tư Tróng",Lý Tự Trọng,1,1
190,19,SN10062LYTUTRONG,19,LYTUTRONG,7,"SN 100/62, Lỵ Tử Trỏng",Lý Tự Trọng,1,1
193,19,SN44341CSHLYTUTRONG,19,LYTUTRONG,10,"SN 443/41, CSH Lý Tự Trọng",Lý Tự Trọng,1,1
197,19,SN717ALYUTTRONG,19,LYTUTRONG,8,"SN 717A, Lý ựT Trọng",Lý Tự Trọng,1,1
1054,20,SN5520HUYNHVAN,20,HUYNHVANBANH,10,"SN 55/20, Huỷnh Văn",Huỳnh Văn Bánh,0,0
208,20,SN75183BHUYNHVANBANH,20,HUYNHVANBANH,8,"SN 751/83B, Huỳnh Văn Bánh",Huỳnh Văn Bánh,1,1
201,20,SN16833BHUYONHVAENBAUNH,20,HUYNHVANBANH,11,"SN 168/33B, Huyønh Vaên Baùnh",Huỳnh Văn Bánh,1,1
209,20,SN88467HUYNHVANBANH,20,HUYNHVANBANH,7,"SN 884/67, Huỳnh Văn Bánh",Huỳnh Văn Bánh,1,1
202,20,SN172NHA2TANGHUYNHVANBANH,20,HUYNHVANBANH,13,"SN 172, Nhà 2 tầng Huỵnh Văn Bạnh",Huỳnh Văn Bánh,1,1
203,20,SN32345PHOHUYNHVANBANH,20,HUYNHVANBANH,10,"SN 323/45, Phố Huỳnh Văn Bánh",Huỳnh Văn Bánh,1,1
204,20,SN36736CHUYNHVANBAHN,20,HUYNHVANBANH,10,"SN 367/36C, Huỳnh Văn Báhn",Huỳnh Văn Bánh,1,1
205,20,SN371BHUYNHVANABNH,20,HUYNHVANBANH,8,"SN 371B, Huỳnh Văn áBnh",Huỳnh Văn Bánh,1,1
206,20,SN45511HUYNHVANBANH,20,HUYNHVANBANH,7,"SN 45511, Huỳnh Văn Bánh",Huỳnh Văn Bánh,1,1
207,20,SN458AVANBANH,20,HUYNHVANBANH,6,"SN 458A, Văn Bánh",Huỳnh Văn Bánh,1,1
210,20,SN90667AHUYNHVANBANH,20,HUYNHVANBANH,8,"SN 906/67A, Huỹnh Văn Bảnh",Huỳnh Văn Bánh,1,1
211,21,SN111CVOHTISAU,21,VOTHISAU,8,"SN 111C, Võ hTị Sáu",Võ Thị Sáu,1,1
1055,21,SN40591AVOTHI,21,VOTHISAU,11,"SN 405/91A, Võ Thị",Võ Thị Sáu,0,0
213,21,SN29134BVOTHISAU,21,VOTHISAU,8,"SN 291/34B, Võ Thị Sáu",Võ Thị Sáu,1,1
220,21,SN980BTHISAU,21,VOTHISAU,6,"SN 980B, Thì Sàu",Võ Thị Sáu,1,1
212,21,SN23373VOTHISAU,21,VOTHISAU,7,"SN 233/73, Võ Thị Sáu",Võ Thị Sáu,1,1
214,21,SN407AVOTHISAU,21,VOTHISAU,6,"SN 407A, Võ Thị Sáu",Võ Thị Sáu,1,1
215,21,SN45162VOTIHSAU,21,VOTHISAU,9,"SN 451/62, Võ Tịh Sáu",Võ Thị Sáu,1,1
216,21,SN55990AVOOTHOSAUU,21,VOTHISAU,11,"SN 559/90A, Voõ Thò Saùu",Võ Thị Sáu,1,1
217,21,SN81PHUONGVOTHISAU,21,VOTHISAU,10,"SN 81, Phường Võ Thị Sáu",Võ Thị Sáu,1,1
218,21,SN84129APVOTHISAU,21,VOTHISAU,9,"SN 841/29, Ấp Vó Thĩ Sàu",Võ Thị Sáu,1,1
219,21,SN87488VOTHISAU,21,VOTHISAU,7,"SN 874/88, Vọ Thỉ Sạu",Võ Thị Sáu,1,1
222,22,SN71421NGUYENKHACVIEN,22,NGUYENKHACVIEN,7,"SN 714/21, Nguyền Khắc Viên",Nguyễn Khắc Viện,1,1
223,22,SN748KHONGBIETNGUYENKHACVIEN,22,NGUYENKHACVIEN,14,"SN 748, Không biết Nguyển Khắc Viến",Nguyễn Khắc Viện,1,1
230,22,SN9647NGYUENKHACVIEN,22,NGUYENKHACVIEN,8,"SN 964/7, Ngyuễn Khắc Viện",Nguyễn Khắc Viện,1,1
229,22,SN95597NGUYENVIEN,22,NGUYENKHACVIEN,11,"SN 955/97, Nguyện Viền",Nguyễn Khắc Viện,1,1
228,22,SN91845BNGUYENKHACVIEN,22,NGUYENKHACVIEN,8,"SN 918/45B, Nguyễn Khắc Viện",Nguyễn Khắc Viện,1,1
227,22,SN851NGUYENKHACVINE,22,NGUYENKHACVIEN,7,"SN 851, Nguyễn Khắc Vinệ",Nguyễn Khắc Viện,1,1
221,22,SN697CCSHNGUYENKHACVIEN,22,NGUYENKHACVIEN,9,"SN 697C, CSH Nguyễn Khắc Viện",Nguyễn Khắc Viện,1,1
225,22,SN824NGUYENKHACVIEN,22,NGUYENKHACVIEN,5,"SN 824, Nguyễn Khắc Viện",Nguyễn Khắc Viện,1,1
224,22,SN81195ANGUYEANKHAECVIEAN,22,NGUYENKHACVIEN,11,"SN 811/95A, Nguyeãn Khaéc Vieän",Nguyễn Khắc Viện,1,1
231,22,SN98741NGUYENKHAC,22,NGUYENKHACVIEN,11,"SN 987/41, Nguyễn Khắc",Nguyễn Khắc Viện,1,1
226,22,SN845NGUYENKHACVIEN,22,NGUYENKHACVIEN,5,"SN 845, Nguyễn Khắc Viện",Nguyễn Khắc Viện,1,1
236,23,SN525CCACHMANGTHANG,23,CACHMANGTHANGTAM,9,"SN 525C, Cãch Máng Thảng",Cách Mạng Tháng Tám,1,1
232,23,SN236CCACHMANGTHANGTAM,23,CACHMANGTHANGTAM,6,"SN 236C, Cách Mạng Tháng Tám",Cách Mạng Tháng Tám,1,1
233,23,SN43029BCACHMANGTHANG,23,CACHMANGTHANGTAM,11,"SN 430/29B, Cách Mạng Tháng",Cách Mạng Tháng Tám,1,1
234,23,SN433CPHOCACHMANGTHANGTAM,23,CACHMANGTHANGTAM,9,"SN 433C, Phố Cạch Mảng Thảng Tàm",Cách Mạng Tháng Tám,1,1
235,23,SN45719CACHMANGTHANGTAM,23,CACHMANGTHANGTAM,7,"SN 457/19, Càch Mảng Thảng Tãm",Cách Mạng Tháng Tám,1,1
237,23,SN54064BCACHMANGTHANGATM,23,CACHMANGTHANGTAM,10,"SN 540/64B, Cách Mạng Tháng áTm",Cách Mạng Tháng Tám,1,1
238,23,SN628ACACHMANGTHANGTAM,23,CACHMANGTHANGTAM,6,"SN 628A, Cách Mạng Tháng Tám",Cách Mạng Tháng Tám,1,1
239,23,SN64440CAHCMANGTHANGTAM,23,CACHMANGTHANGTAM,9,"SN 644/40, Cáhc Mạng Tháng Tám",Cách Mạng Tháng Tám,1,1
240,23,SN72246PHOCACHMANGTHANGTAM,23,CACHMANGTHANGTAM,10,"SN 722/46, Phố Cách Mạng Tháng Tám",Cách Mạng Tháng Tám,1,1
241,23,SN84785CCAUCHMAINGTHAUNGTAUM,23,CACHMANGTHANGTAM,12,"SN 847/85C, Caùch Maïng Thaùng Taùm",Cách Mạng Tháng Tám,1,1
242,23,SN994CCACHMANGTHANGTAM,23,CACHMANGTHANGTAM,6,"SN 994C, Cách Mạng Tháng Tám",Cách Mạng Tháng Tám,1,1
1056,24,SN41399NHATRONGDAODUYANH,24,DAODUYANH,15,"SN 413/99, Nhà trống Đào Duy Anh",Đào Duy Anh,0,0
243,24,SN149CDAODUYAHN,24,DAODUYANH,8,"SN 149C, Đào Duy Ahn",Đào Duy Anh,1,1
244,24,SN26071DAODUYANH,24,DAODUYANH,7,"SN 260/71, Đào Duy Anh",Đào Duy Anh,1,1
251,24,SN893DAODUYANH,24,DAODUYANH,5,"SN 893, Đão Duy Anh",Đào Duy Anh,1,1
250,24,SN8835NAOODUYANH,24,DAODUYANH,8,"SN 88/35, Ñaøo Duy Anh",Đào Duy Anh,1,1
249,24,SN8048CDAODUYANH,24,DAODUYANH,7,"SN 80/48C, Đào Duy Anh",Đào Duy Anh,1,1
248,24,SN60928DAODUYANH,24,DAODUYANH,7,"SN 609/28, Đào Duy Anh",Đào Duy Anh,1,1
247,24,SN49769DAODUY,24,DAODUYANH,10,"SN 497/69, Đào Duy",Đào Duy Anh,1,1
246,24,SN495AADODUYANH,24,DAODUYANH,7,"SN 495A, àĐo Duy Anh",Đào Duy Anh,1,1
245,24,SN47790DAODUY,24,DAODUYANH,10,"SN 477/90, Đạo Duy",Đào Duy Anh,1,1
252,24,SN97120KHONGXACDINHDAODUYANH,24,DAODUYANH,19,"SN 971/20, Không xác định Đạo Duy Anh",Đào Duy Anh,1,1
253,25,SN12375APLYCHINHTHANG,25,LYCHINHTHANG,9,"SN 123/75, Ấp Lỷ Chĩnh Thắng",Lý Chính Thắng,1,1
255,25,SN20042CNHA2TANGLYCHINHTHANG,25,LYCHINHTHANG,16,"SN 200/42C, Nhà 2 tầng Lý Chính Thắng",Lý Chính Thắng,1,1
262,25,SN844LYCHINHTHANG,25,LYCHINHTHANG,5,"SN 844, Lý Chính Thắng",Lý Chính Thắng,1,1
261,25,SN81961LYTHANG,25,LYCHINHTHANG,9,"SN 819/61, Lý Thắng",Lý Chính Thắng,1,1
260,25,SN70150AYLCHINHTHANG,25,LYCHINHTHANG,9,"SN 701/50A, ýL Chính Thắng",Lý Chính Thắng,1,1
259,25,SN6756BLYCHINHTHANG,25,LYCHINHTHANG,7,"SN 67/56B, Lý Chính Thắng",Lý Chính Thắng,1,1
258,25,SN56876ALYHCINHTHANG,25,LYCHINHTHANG,10,"SN 568/76A, Lý hCính Thắng",Lý Chính Thắng,1,1
257,25,SN36442BCHINHTHANG,25,LYCHINHTHANG,8,"SN 364/42B, Chình Thắng",Lý Chính Thắng,1,1
256,25,SN254BLYCHINHTHANG,25,LYCHINHTHANG,6,"SN 254B, Lý Chính Thắng",Lý Chính Thắng,1,1
263,25,SN96367ALYUCHINHTHAENG,25,LYCHINHTHANG,10,"SN 963/67A, Lyù Chính Thaéng",Lý Chính Thắng,1,1
254,25,SN194BLYCHINHTHANG,25,LYCHINHTHANG,6,"SN 194B, Lỳ Chình Thắng",Lý Chính Thắng,1,1
270,26,SN500ATRANQUANGKHAI,26,TRANQUANGKHAI,6,"SN 500A, Trần Quang Khải",Trần Quang Khải,1,1
274,26,SN979ANHA2TANGTRANQUANGKHAI,26,TRANQUANGKHAI,14,"SN 979A, Nhà 2 tầng Trấn Quang Khái",Trần Quang Khải,1,1
264,26,SN122TRANQUANGKHAI,26,TRANQUANGKHAI,5,"SN 122, Trần Quang Khải",Trần Quang Khải,1,1
265,26,SN29572CQUANGKHAI,26,TRANQUANGKHAI,8,"SN 295/72C, Quang Khái",Trần Quang Khải,1,1
266,26,SN38145ATRANQUANGKHAI,26,TRANQUANGKHAI,8,"SN 381/45A, Trần Quang Khải",Trần Quang Khải,1,1
267,26,SN39554BKHONGBIETTRANQUANGKHAI,26,TRANQUANGKHAI,17,"SN 395/54B, Không biết Trần Quang Khải",Trần Quang Khải,1,1
268,26,SN41415TARNQUANGKHAI,26,TRANQUANGKHAI,9,"SN 414/15, Tầrn Quang Khải",Trần Quang Khải,1,1
269,26,SN44115BTRANKHAI,26,TRANQUANGKHAI,11,"SN 441/15B, Trần Khải",Trần Quang Khải,1,1
271,26,SN519ATRAANQUANGKHAUI,26,TRANQUANGKHAI,8,"SN 519A, Traàn Quang Khaûi",Trần Quang Khải,1,1
272,26,SN53229CTRANQUNAGKHAI,26,TRANQUANGKHAI,10,"SN 532/29C, Trần Qunag Khải",Trần Quang Khải,1,1
273,26,SN948CTRANQUANGKHAI,26,TRANQUANGKHAI,6,"SN 94/8C, Trẩn Quang Khãi",Trần Quang Khải,1,1
275,27,SN141HAIBATRUNG,27,HAIBATRUNG,5,"SN 141, Hai Bà Trưng",Hai Bà Trưng,1,1
284,27,SN89598AHAIBATRUNG,27,HAIBATRUNG,8,"SN 895/98A, Hai Bả Trửng",Hai Bà Trưng,1,1
283,27,SN66541HAIABTRUNG,27,HAIBATRUNG,9,"SN 665/41, Hai àB Trưng",Hai Bà Trưng,1,1
282,27,SN64161BAPHAIBATRUNG,27,HAIBATRUNG,10,"SN 641/61B, Ấp Hai Bà Trưng",Hai Bà Trưng,1,1
281,27,SN47529KHONGXACDINHHAIBATRUNG,27,HAIBATRUNG,19,"SN 475/29, Không xác định Hai Bã Trựng",Hai Bà Trưng,1,1
280,27,SN41154HAIBATRUNG,27,HAIBATRUNG,7,"SN 411/54, Hai Bà Trưng",Hai Bà Trưng,1,1
279,27,SN395CBATRUNG,27,HAIBATRUNG,6,"SN 395C, Bà Trưng",Hai Bà Trưng,1,1
278,27,SN364BHAIABTRUNG,27,HAIBATRUNG,8,"SN 364B, Hai àB Trưng",Hai Bà Trưng,1,1
277,27,SN20654CHAIBATRUNG,27,HAIBATRUNG,8,"SN 206/54C, Hai Bà Trưng",Hai Bà Trưng,1,1
285,27,SN9462HAIBAOTRONG,27,HAIBATRUNG,8,"SN 946/2, Hai Baø Tröng",Hai Bà Trưng,1,1
276,27,SN15185HAITRUNG,27,HAIBATRUNG,9,"SN 151/85, Hai Trừng",Hai Bà Trưng,1,1
1057,28,SN950DANGTHAI,28,DANGTHAITHAN,9,"SN 950, Đặng Thại",Đặng Thái Thân,0,0
286,28,SN135ADANGTAHITHAN,28,DANGTHAITHAN,8,"SN 135A, Đặng Táhi Thân",Đặng Thái Thân,1,1
287,28,SN40DANGTHAITHAN,28,DANGTHAITHAN,4,"SN 40, Đặng Thại Thẩn",Đặng Thái Thân,1,1
288,28,SN435BDANGTHAN,28,DANGTHAITHAN,9,"SN 435B, Đặng Thân",Đặng Thái Thân,1,1
289,28,SN643BCSHDANGTHAITHAN,28,DANGTHAITHAN,9,"SN 643B, CSH Đặng Thái Thân",Đặng Thái Thân,1,1
290,28,SN7121BDANGTHAITHAN,28,DANGTHAITHAN,7,"SN 71/21B, Đặng Thái Thân",Đặng Thái Thân,1,1
291,28,SN712ACSHDANGTHAITHAN,28,DANGTHAITHAN,9,"SN 71/2A, CSH Đặng Thài Thần",Đặng Thái Thân,1,1
292,28,SN714DANGTHAITAHN,28,DANGTHAITHAN,7,"SN 714, Đặng Thái Tâhn",Đặng Thái Thân,1,1
293,28,SN817DANGTHAITHAN,28,DANGTHAITHAN,5,"SN 817, Đặng Thái Thân",Đặng Thái Thân,1,1
294,28,SN90145DANGTHAITHAN,28,DANGTHAITHAN,7,"SN 901/45, Đặng Thái Thân",Đặng Thái Thân,1,1
295,28,SN95529ANAENGTHAUITHAAN,28,DANGTHAITHAN,12,"SN 955/29A, Ñaëng Thaùi Thaân",Đặng Thái Thân,1,1
299,29,SN471ANGUYEANVAENQUAU,29,NGUYENVANQUA,9,"SN 471A, Nguyeãn Vaên Quaù",Nguyễn Văn Quá,1,1
296,29,SN10CNUGYENVANQUA,29,NGUYENVANQUA,6,"SN 10C, Nugyễn Văn Quá",Nguyễn Văn Quá,1,1
298,29,SN416CNGONGUYENVANQUA,29,NGUYENVANQUA,9,"SN 416C, Ngõ Nguyến Văn Quạ",Nguyễn Văn Quá,1,1
300,29,SN51283ANGUYENVANQUA,29,NGUYENVANQUA,8,"SN 512/83A, Nguyễn Văn Quá",Nguyễn Văn Quá,1,1
297,29,SN2043ANGUYENVANQUA,29,NGUYENVANQUA,7,"SN 204/3A, Nguyễn Văn Quá",Nguyễn Văn Quá,1,1
302,29,SN56883AVANQUA,29,NGUYENVANQUA,7,"SN 568/83A, Văn Quả",Nguyễn Văn Quá,1,1
303,29,SN6632CNGUYENVANQUA,29,NGUYENVANQUA,7,"SN 66/32C, Nguyễn Văn Quá",Nguyễn Văn Quá,1,1
304,29,SN78528KHONGXACDINHNGUYENVANQUA,29,NGUYENVANQUA,19,"SN 785/28, Không xác định Nguyễn Văn Quá",Nguyễn Văn Quá,1,1
305,29,SN8369VANQUA,29,NGUYENVANQUA,6,"SN 83/69, Văn Quá",Nguyễn Văn Quá,1,1
306,29,SN99799NGUYENVANQUA,29,NGUYENVANQUA,7,"SN 997/99, Nguyên Văn Quả",Nguyễn Văn Quá,1,1
301,29,SN56849BGNUYENVANQUA,29,NGUYENVANQUA,8,"SN 568/49B, gNuyễn Văn Quá",Nguyễn Văn Quá,1,1
310,30,SN513NGUYEANCHITHANH,30,NGUYENCHITHANH,6,"SN 513, Nguyeãn Chí Thanh",Nguyễn Chí Thanh,1,1
307,30,SN16014NGUYENCHITHANH,30,NGUYENCHITHANH,7,"SN 160/14, Nguyện Chì Thanh",Nguyễn Chí Thanh,1,1
311,30,SN601ANGUYENTHANH,30,NGUYENCHITHANH,9,"SN 601A, Nguyến Thanh",Nguyễn Chí Thanh,1,1
308,30,SN20162ANGUYENCHITHNAH,30,NGUYENCHITHANH,10,"SN 201/62A, Nguyễn Chí Thnah",Nguyễn Chí Thanh,1,1
309,30,SN30769ACSHNGUYENCHITHANH,30,NGUYENCHITHANH,11,"SN 307/69A, CSH Nguyển Chĩ Thanh",Nguyễn Chí Thanh,1,1
312,30,SN63628NGUYENCHITHANH,30,NGUYENCHITHANH,7,"SN 636/28, Nguyễn Chí Thanh",Nguyễn Chí Thanh,1,1
315,30,SN85738NHA2TANGNGUYENCHITHANH,30,NGUYENCHITHANH,15,"SN 857/38, Nhà 2 tầng Nguyễn Chí Thanh",Nguyễn Chí Thanh,1,1
313,30,SN77261NGUYENCHITHANH,30,NGUYENCHITHANH,7,"SN 772/61, Nguyễn Chí Thanh",Nguyễn Chí Thanh,1,1
316,30,SN879CCHITHANH,30,NGUYENCHITHANH,6,"SN 879C, Chí Thanh",Nguyễn Chí Thanh,1,1
317,30,SN983NGUYENCHITHANH,30,NGUYENCHITHANH,5,"SN 983, Nguyễn Chí Thanh",Nguyễn Chí Thanh,1,1
314,30,SN785GNUYENCHITHANH,30,NGUYENCHITHANH,5,"SN 785, gNuyễn Chí Thanh",Nguyễn Chí Thanh,1,1
323,31,SN468CKHONGBIETTRANKHANHDU,31,TRANKHANHDU,15,"SN 468C, Không biết Trần Khánh Dư",Trần Khánh Dư,1,1
318,31,SN11525ARTANKHANHDU,31,TRANKHANHDU,9,"SN 115/25A, rTần Khánh Dư",Trần Khánh Dư,1,1
319,31,SN136TRNAKHANHDU,31,TRANKHANHDU,7,"SN 136, Trnầ Khánh Dư",Trần Khánh Dư,1,1
320,31,SN14BTRANKHANHDU,31,TRANKHANHDU,5,"SN 14B, Trần Khánh Dư",Trần Khánh Dư,1,1
321,31,SN215TRANKHANHDU,31,TRANKHANHDU,5,"SN 215, Trần Khánh Dư",Trần Khánh Dư,1,1
322,31,SN372TRANKHANHDU,31,TRANKHANHDU,5,"SN 372, Trẩn Khãnh Dừ",Trần Khánh Dư,1,1
324,31,SN5627ATRAANKHAUNHDO,31,TRANKHANHDU,10,"SN 56/27A, Traàn Khaùnh Dö",Trần Khánh Dư,1,1
325,31,SN656BKHONGBIETTRANKHANHDU,31,TRANKHANHDU,15,"SN 656B, Không biết Trẫn Khảnh Dừ",Trần Khánh Dư,1,1
327,31,SN97784CTRANKHANH,31,TRANKHANHDU,10,"SN 977/84C, Trần Khánh",Trần Khánh Dư,1,1
326,31,SN846TRANKHANHDU,31,TRANKHANHDU,5,"SN 846, Trần Khánh Dư",Trần Khánh Dư,1,1
1058,31,SN834CTRANDU,31,TRANKHANHDU,9,"SN 834C, Trẫn Dự",Trần Khánh Dư,0,0
336,32,SN840AHOTUNGMAU,32,HOTUNGMAU,6,"SN 840A, Hồ Tùng Mậu",Hồ Tùng Mậu,1,1
335,32,SN7940AHOTUNGMAU,32,HOTUNGMAU,7,"SN 79/40A, Hỗ Tũng Mấu",Hồ Tùng Mậu,1,1
334,32,SN783COHTUNGMAU,32,HOTUNGMAU,7,"SN 783C, ồH Tùng Mậu",Hồ Tùng Mậu,1,1
333,32,SN726HOATUONGMAAU,32,HOTUNGMAU,8,"SN 726, Hoà Tuøng Maäu",Hồ Tùng Mậu,1,1
332,32,SN59424HOTUNGMAU,32,HOTUNGMAU,7,"SN 594/24, Hồ Tùng Mậu",Hồ Tùng Mậu,1,1
331,32,SN45158HOTUNGMAU,32,HOTUNGMAU,7,"SN 451/58, Hồ Tùng Mậu",Hồ Tùng Mậu,1,1
1059,32,SN85922HOTUNG,32,HOTUNGMAU,10,"SN 859/22, Hố Tũng",Hồ Tùng Mậu,0,0
330,32,SN4346BKHONGBIETHOTUNGMAU,32,HOTUNGMAU,16,"SN 43/46B, Không biết Hồ Tùng Mậu",Hồ Tùng Mậu,1,1
329,32,SN39537TUNGMAU,32,HOTUNGMAU,7,"SN 395/37, Tùng Mậu",Hồ Tùng Mậu,1,1
328,32,SN141AHOTUNGMUA,32,HOTUNGMAU,8,"SN 141A, Hồ Tùng Muậ",Hồ Tùng Mậu,1,1
337,32,SN959CNHA2TANGHOTUNGMAU,32,HOTUNGMAU,14,"SN 959C, Nhà 2 tầng Hỗ Tụng Mấu",Hồ Tùng Mậu,1,1
344,33,SN81799CNHATRONGNGUYENCUTRINH,33,NGUYENCUTRINH,16,"SN 817/99C, Nhà trống Nguyện Cứ Trinh",Nguyễn Cư Trinh,1,1
347,33,SN949NGUYENUCTRINH,33,NGUYENCUTRINH,7,"SN 949, Nguyễn ưC Trinh",Nguyễn Cư Trinh,1,1
346,33,SN897CUTRINH,33,NGUYENCUTRINH,6,"SN 897, Cư Trinh",Nguyễn Cư Trinh,1,1
345,33,SN885CNHATRONGNGUYENCUTRINH,33,NGUYENCUTRINH,14,"SN 885C, Nhà trống Nguyễn Cư Trinh",Nguyễn Cư Trinh,1,1
343,33,SN76511ANGUYENCUTRINH,33,NGUYENCUTRINH,8,"SN 765/11A, Nguyễn Cư Trinh",Nguyễn Cư Trinh,1,1
342,33,SN731CNGUYENCUTRINH,33,NGUYENCUTRINH,6,"SN 731C, Nguyễn Cư Trinh",Nguyễn Cư Trinh,1,1
341,33,SN386NGUYEANCOTRINH,33,NGUYENCUTRINH,7,"SN 386, Nguyeãn Cö Trinh",Nguyễn Cư Trinh,1,1
340,33,SN3612NGUYENCUTRINH,33,NGUYENCUTRINH,6,"SN 36/12, Nguyễn Cư Trinh",Nguyễn Cư Trinh,1,1
339,33,SN32182CCUTRINH,33,NGUYENCUTRINH,7,"SN 321/82C, Cự Trinh",Nguyễn Cư Trinh,1,1
338,33,SN272NGUYENCUTRINH,33,NGUYENCUTRINH,5,"SN 272, Nguyên Cứ Trinh",Nguyễn Cư Trinh,1,1
348,33,SN96NGUYENUCTRINH,33,NGUYENCUTRINH,6,"SN 96, Nguyễn ưC Trinh",Nguyễn Cư Trinh,1,1
1060,34,SN84PHANKE,34,PHANKEBINH,8,"SN 84, Phan Kể",Phan Kế Bính,0,0
353,34,SN708CPHANBINH,34,PHANKEBINH,8,"SN 708C, Phan Bính",Phan Kế Bính,1,1
349,34,SN119BPHANKEBINH,34,PHANKEBINH,6,"SN 119B, Phan Kế Bính",Phan Kế Bính,1,1
350,34,SN302CPHANKEBINH,34,PHANKEBINH,6,"SN 302C, Phan Kế Bính",Phan Kế Bính,1,1
351,34,SN449BHEMPHANKEBINH,34,PHANKEBINH,9,"SN 449B, Hẻm Phan Kế Bính",Phan Kế Bính,1,1
352,34,SN67940PHANKEBINH,34,PHANKEBINH,7,"SN 679/40, Phan Kể Bĩnh",Phan Kế Bính,1,1
354,34,SN756CPHUONGPHANKEBINH,34,PHANKEBINH,12,"SN 756C, Phường Phan Kể Bịnh",Phan Kế Bính,1,1
355,34,SN83192APHNAKEBINH,34,PHANKEBINH,10,"SN 831/92A, Phna Kế Bính",Phan Kế Bính,1,1
356,34,SN835PHANKEIBNH,34,PHANKEBINH,7,"SN 835, Phan Kế íBnh",Phan Kế Bính,1,1
357,34,SN955PHANKEBINH,34,PHANKEBINH,5,"SN 955, Phan Kế Bính",Phan Kế Bính,1,1
358,34,SN962APHANKEABINH,34,PHANKEBINH,7,"SN 962A, Phan Keá Bính",Phan Kế Bính,1,1
365,35,SN50295NGOGIATU,35,NGOGIATU,7,"SN 502/95, Ngô Gia Tự",Ngô Gia Tự,1,1
359,35,SN10069NGOGIATU,35,NGOGIATU,7,"SN 100/69, Ngỗ Gia Tứ",Ngô Gia Tự,1,1
361,35,SN20164BKHONGXACDINHNGOGIATU,35,NGOGIATU,20,"SN 201/64B, Không xác định Ngô Gia Tự",Ngô Gia Tự,1,1
362,35,SN256PHUONGNGOGIATU,35,NGOGIATU,11,"SN 256, Phường Ngồ Gia Tứ",Ngô Gia Tự,1,1
363,35,SN271ANGOGIATU,35,NGOGIATU,6,"SN 271A, Ngô Gia Tự",Ngô Gia Tự,1,1
364,35,SN372BGIATU,35,NGOGIATU,5,"SN 372B, Gia Tứ",Ngô Gia Tự,1,1
360,35,SN19461CNGOGIATU,35,NGOGIATU,8,"SN 194/61C, Ngô Gia Tự",Ngô Gia Tự,1,1
369,35,SN892BNGOGIAUT,35,NGOGIATU,8,"SN 892B, Ngô Gia ựT",Ngô Gia Tự,1,1
368,35,SN86511ANGOGIA,35,NGOGIATU,10,"SN 865/11A, Ngô Gia",Ngô Gia Tự,1,1
367,35,SN651BNGOGIAUT,35,NGOGIATU,8,"SN 651B, Ngô Gia ựT",Ngô Gia Tự,1,1
366,35,SN632BNGOAGIATOI,35,NGOGIATU,9,"SN 632B, Ngoâ Gia Töï",Ngô Gia Tự,1,1
378,36,SN55325XICHLONG,36,PHANXICHLONG,7,"SN 553/25, Xỉch Long",Phan Xích Long,1,1
377,36,SN49966CPHANXICHLONG,36,PHANXICHLONG,8,"SN 499/66C, Phan Xịch Long",Phan Xích Long,1,1
376,36,SN43732XICHLONG,36,PHANXICHLONG,7,"SN 437/32, Xích Long",Phan Xích Long,1,1
375,36,SN42939BPHANXICHLONG,36,PHANXICHLONG,8,"SN 429/39B, Phan Xích Long",Phan Xích Long,1,1
374,36,SN252BPHANXICHOLNG,36,PHANXICHLONG,8,"SN 252B, Phan Xích oLng",Phan Xích Long,1,1
373,36,SN23644APHANXICHLONG,36,PHANXICHLONG,8,"SN 236/44A, Phan Xích Long",Phan Xích Long,1,1
372,36,SN231BPHANXICHLONG,36,PHANXICHLONG,6,"SN 231B, Phan Xích Long",Phan Xích Long,1,1
371,36,SN18623APHANXICHLOGN,36,PHANXICHLONG,10,"SN 186/23A, Phan Xích Logn",Phan Xích Long,1,1
370,36,SN141PHANXICHLONG,36,PHANXICHLONG,5,"SN 141, Phan Xích Long",Phan Xích Long,1,1
379,36,SN81439CKHONGXACDINHPHANXICHLONG,36,PHANXICHLONG,20,"SN 814/39C, Không xác định Phan Xích Long",Phan Xích Long,1,1
380,36,SN83115ACSHPHANXICHLONG,36,PHANXICHLONG,11,"SN 831/15A, CSH Phan Xìch Long",Phan Xích Long,1,1
381,37,SN124MAIHTILUU,37,MAITHILUU,7,"SN 124, Mai hTị Lựu",Mai Thị Lựu,1,1
389,37,SN353MAITIHLUU,37,MAITHILUU,7,"SN 353, Mai Tịh Lựu",Mai Thị Lựu,1,1
391,37,SN800ANHA2TANGMAITHILUU,37,MAITHILUU,14,"SN 800A, Nhà 2 tầng Mai Thĩ Lừu",Mai Thị Lựu,1,1
388,37,SN337MAITHILUU,37,MAITHILUU,5,"SN 337, Mai Thị Lựu",Mai Thị Lựu,1,1
387,37,SN27937MAITHI,37,MAITHILUU,10,"SN 279/37, Mai Thị",Mai Thị Lựu,1,1
386,37,SN26756CMAITHOLOIU,37,MAITHILUU,11,"SN 267/56C, Mai Thò Löïu",Mai Thị Lựu,1,1
385,37,SN23057MAILUU,37,MAITHILUU,9,"SN 230/57, Mai Lừu",Mai Thị Lựu,1,1
384,37,SN217MAITHILUU,37,MAITHILUU,5,"SN 217, Mai Thỉ Lưu",Mai Thị Lựu,1,1
383,37,SN12AHEMMAITHILUU,37,MAITHILUU,8,"SN 12A, Hẻm Mai Thị Lựu",Mai Thị Lựu,1,1
382,37,SN129MAITHILUU,37,MAITHILUU,5,"SN 129, Mai Thị Lựu",Mai Thị Lựu,1,1
390,37,SN567CMAITHILUU,37,MAITHILUU,6,"SN 567C, Mai Thị Lựu",Mai Thị Lựu,1,1
392,38,SN12KHONGBIETPHANHUYICH,38,PHANHUYICH,13,"SN 12, Không biết Phan Huy Ích",Phan Huy Ích,1,1
393,38,SN185PHANHUYCIH,38,PHANHUYICH,7,"SN 185, Phan Huy cÍh",Phan Huy Ích,1,1
394,38,SN20657CPHANHUYICH,38,PHANHUYICH,8,"SN 206/57C, Phan Huy Ích",Phan Huy Ích,1,1
395,38,SN43241CPHANHUY,38,PHANHUYICH,11,"SN 432/41C, Phan Huy",Phan Huy Ích,1,1
396,38,SN59418KHONGXACDINHPHANHUYICH,38,PHANHUYICH,19,"SN 594/18, Không xác định Phan Huy Ích",Phan Huy Ích,1,1
397,38,SN69775CPHANHUYICH,38,PHANHUYICH,8,"SN 697/75C, Phan Huy Ích",Phan Huy Ích,1,1
398,38,SN72841PHANHUYICH,38,PHANHUYICH,7,"SN 728/41, Phan Huy Ích",Phan Huy Ích,1,1
399,38,SN76371PHANHUY,38,PHANHUYICH,10,"SN 763/71, Phan Huy",Phan Huy Ích,1,1
400,38,SN76930PHANUHYICH,38,PHANHUYICH,9,"SN 769/30, Phan uHy Ích",Phan Huy Ích,1,1
401,38,SN781CPHANHUYICH,38,PHANHUYICH,6,"SN 78/1C, Phan Huy Ích",Phan Huy Ích,1,1
402,38,SN99439CPHANHUYICH,38,PHANHUYICH,8,"SN 994/39C, Phan Huy Ích",Phan Huy Ích,1,1
409,39,SN88256VUTONGPHAN,39,VUTONGPHAN,7,"SN 882/56, Vũ Tông Phan",Vũ Tông Phan,1,1
411,39,SN98193VUTONGPHAN,39,VUTONGPHAN,7,"SN 981/93, Vũ Tông Phan",Vũ Tông Phan,1,1
403,39,SN131HEMVUTONGPHAN,39,VUTONGPHAN,8,"SN 131, Hẻm Vù Tộng Phan",Vũ Tông Phan,1,1
404,39,SN28375BNHATRONGVUTONGPHAN,39,VUTONGPHAN,16,"SN 283/75B, Nhà trống Vũ Tông Phan",Vũ Tông Phan,1,1
405,39,SN41918AVUTONGHPAN,39,VUTONGPHAN,10,"SN 419/18A, Vũ Tông hPan",Vũ Tông Phan,1,1
410,39,SN97299CVUOTOANGPHAN,39,VUTONGPHAN,10,"SN 972/99C, Vuõ Toâng Phan",Vũ Tông Phan,1,1
1061,39,SN81133VUTONG,39,VUTONGPHAN,11,"SN 811/33, Vũ Tông",Vũ Tông Phan,0,0
1062,39,SN98064AVUTONG,39,VUTONGPHAN,12,"SN 980/64A, Vù Tộng",Vũ Tông Phan,0,0
406,39,SN447VUTONGPHAN,39,VUTONGPHAN,5,"SN 447, Vù Tổng Phan",Vũ Tông Phan,1,1
408,39,SN7476AVUTNOGPHAN,39,VUTONGPHAN,9,"SN 747/6A, Vũ Tnôg Phan",Vũ Tông Phan,1,1
407,39,SN470VUTONGPHAN,39,VUTONGPHAN,5,"SN 470, Vũ Tông Phan",Vũ Tông Phan,1,1
413,40,SN24443NGUYENCHIEU,40,NGUYENDINHCHIEU,11,"SN 244/43, Nguyển Chiều",Nguyễn Đình Chiểu,1,1
422,40,SN92143KHONGBIETNGUYENDINHCHIEU,40,NGUYENDINHCHIEU,16,"SN 921/43, Không biết Nguyện Định Chiếu",Nguyễn Đình Chiểu,1,1
421,40,SN891BDINHCHIEU,40,NGUYENDINHCHIEU,6,"SN 891B, Đình Chiểu",Nguyễn Đình Chiểu,1,1
420,40,SN87195NGUYENDINHCHIEU,40,NGUYENDINHCHIEU,7,"SN 871/95, Nguyễn Đình Chiểu",Nguyễn Đình Chiểu,1,1
419,40,SN84282CNGYUENDINHCHIEU,40,NGUYENDINHCHIEU,10,"SN 842/82C, Ngyuễn Đình Chiểu",Nguyễn Đình Chiểu,1,1
417,40,SN6025CNGUYEANNINHCHIEAU,40,NGUYENDINHCHIEU,10,"SN 602/5C, Nguyeãn Ñình Chieåu",Nguyễn Đình Chiểu,1,1
416,40,SN5770BNGUYENDINHCHIEU,40,NGUYENDINHCHIEU,7,"SN 57/70B, Nguyễn Đình Chiểu",Nguyễn Đình Chiểu,1,1
415,40,SN402NGUYENDINHCHIEU,40,NGUYENDINHCHIEU,5,"SN 402, Nguyện Đính Chiều",Nguyễn Đình Chiểu,1,1
414,40,SN29NGUYENDIHNCHIEU,40,NGUYENDINHCHIEU,6,"SN 29, Nguyễn Đìhn Chiểu",Nguyễn Đình Chiểu,1,1
412,40,SN207BKHONGBIETNGUYENDINHCHIEU,40,NGUYENDINHCHIEU,15,"SN 20/7B, Không biết Nguyễn Đình Chiểu",Nguyễn Đình Chiểu,1,1
418,40,SN635NGUYENDINHCHIEU,40,NGUYENDINHCHIEU,5,"SN 635, Nguyễn Đình Chiểu",Nguyễn Đình Chiểu,1,1
423,41,SN12451CNGUYENANNINH,41,NGUYENANNINH,8,"SN 124/51C, Nguyễn An Ninh",Nguyễn An Ninh,1,1
431,41,SN907BNGUYEANANNINH,41,NGUYENANNINH,7,"SN 907B, Nguyeãn An Ninh",Nguyễn An Ninh,1,1
430,41,SN88564NGUYENANNINH,41,NGUYENANNINH,7,"SN 885/64, Nguyễn An Ninh",Nguyễn An Ninh,1,1
429,41,SN88NGUYENANNINH,41,NGUYENANNINH,4,"SN 88, Nguyền An Ninh",Nguyễn An Ninh,1,1
428,41,SN62933BNGUYNEANNINH,41,NGUYENANNINH,10,"SN 629/33B, Nguynễ An Ninh",Nguyễn An Ninh,1,1
427,41,SN59197NGUYENANNNIH,41,NGUYENANNINH,9,"SN 591/97, Nguyễn An Nnih",Nguyễn An Ninh,1,1
426,41,SN54910ANGUYENANNINH,41,NGUYENANNINH,8,"SN 549/10A, Nguyễn An Ninh",Nguyễn An Ninh,1,1
425,41,SN48383HEMNGUYENANNINH,41,NGUYENANNINH,10,"SN 483/83, Hẻm Nguyễn An Ninh",Nguyễn An Ninh,1,1
424,41,SN141BNGUYENNINH,41,NGUYENANNINH,8,"SN 141B, Nguyễn Ninh",Nguyễn An Ninh,1,1
432,41,SN92068BHEMNGUYENANNINH,41,NGUYENANNINH,11,"SN 920/68B, Hẻm Nguyện An Ninh",Nguyễn An Ninh,1,1
1063,41,SN456NGUYENAN,41,NGUYENANNINH,9,"SN 456, Nguyến An",Nguyễn An Ninh,0,0
442,42,SN759HUUTHO,42,NGUYENHUUTHO,6,"SN 759, Hửu Thó",Nguyễn Hữu Thọ,1,1
436,42,SN413CNGUYENHUU,42,NGUYENHUUTHO,9,"SN 413C, Nguyễn Hữu",Nguyễn Hữu Thọ,1,1
443,42,SN87058CCSHNGUYENHUUTHO,42,NGUYENHUUTHO,11,"SN 870/58C, CSH Nguyện Hửu Thỏ",Nguyễn Hữu Thọ,1,1
440,42,SN69821ANGUYENHUUTHO,42,NGUYENHUUTHO,8,"SN 698/21A, Nguyễn Hữu Thọ",Nguyễn Hữu Thọ,1,1
439,42,SN55165NGUYEANHOOUTHOI,42,NGUYENHUUTHO,11,"SN 551/65, Nguyeãn Höõu Thoï",Nguyễn Hữu Thọ,1,1
438,42,SN54732NGUYENHUUTHO,42,NGUYENHUUTHO,7,"SN 547/32, Nguyến Hừu Thõ",Nguyễn Hữu Thọ,1,1
441,42,SN7154KHONGXACDINHNGUYENHUUTHO,42,NGUYENHUUTHO,18,"SN 71/54, Không xác định Nguyễn Hữu Thọ",Nguyễn Hữu Thọ,1,1
435,42,SN30413NGUYENHUUTHO,42,NGUYENHUUTHO,7,"SN 304/13, Nguyễn Hữu Thọ",Nguyễn Hữu Thọ,1,1
434,42,SN1574BGNUYENHUUTHO,42,NGUYENHUUTHO,7,"SN 15/74B, gNuyễn Hữu Thọ",Nguyễn Hữu Thọ,1,1
433,42,SN13193CNGUYENHUUTOH,42,NGUYENHUUTHO,10,"SN 131/93C, Nguyễn Hữu Tọh",Nguyễn Hữu Thọ,1,1
437,42,SN459NGUYENHUUTHO,42,NGUYENHUUTHO,5,"SN 459, Nguyễn Hữu Thọ",Nguyễn Hữu Thọ,1,1
450,43,SN50187NGUYEANVAENLINH,43,NGUYENVANLINH,9,"SN 501/87, Nguyeãn Vaên Linh",Nguyễn Văn Linh,1,1
444,43,SN10415NGUYENVANLINH,43,NGUYENVANLINH,7,"SN 104/15, Nguyễn Văn Linh",Nguyễn Văn Linh,1,1
445,43,SN26465NGUYENLINH,43,NGUYENVANLINH,10,"SN 264/65, Nguyễn Linh",Nguyễn Văn Linh,1,1
446,43,SN282CNGUYENVANLINH,43,NGUYENVANLINH,6,"SN 282C, Nguyễn Văn Linh",Nguyễn Văn Linh,1,1
447,43,SN407CSHNGUYENVANLINH,43,NGUYENVANLINH,8,"SN 407, CSH Nguyễn Văn Linh",Nguyễn Văn Linh,1,1
448,43,SN409AKHONGXACDINHNGUYENVANLINH,43,NGUYENVANLINH,18,"SN 409A, Không xác định Nguyến Văn Linh",Nguyễn Văn Linh,1,1
449,43,SN425NGUYNEVANLINH,43,NGUYENVANLINH,7,"SN 425, Nguynễ Văn Linh",Nguyễn Văn Linh,1,1
451,43,SN52652GNUYENVANLINH,43,NGUYENVANLINH,7,"SN 526/52, gNuyễn Văn Linh",Nguyễn Văn Linh,1,1
452,43,SN66419CNGUYENVANLINH,43,NGUYENVANLINH,8,"SN 664/19C, Nguyễn Văn Linh",Nguyễn Văn Linh,1,1
453,43,SN88195NGUYENVANLINH,43,NGUYENVANLINH,7,"SN 881/95, Nguyên Văn Linh",Nguyễn Văn Linh,1,1
454,43,SN96986CNGUYENLINH,43,NGUYENVANLINH,11,"SN 969/86C, Nguyến Linh",Nguyễn Văn Linh,1,1
456,44,SN40051LEDAIHANH,44,LEDAIHANH,7,"SN 400/51, Lê Đại Hành",Lê Đại Hành,1,1
457,44,SN43485BLEDAIHANH,44,LEDAIHANH,8,"SN 434/85B, Lề Đải Hạnh",Lê Đại Hành,1,1
458,44,SN485NGOLEDAIHANH,44,LEDAIHANH,8,"SN 485, Ngõ Lê Đại Hành",Lê Đại Hành,1,1
459,44,SN515LEDAIAHNH,44,LEDAIHANH,7,"SN 515, Lê Đại àHnh",Lê Đại Hành,1,1
461,44,SN613ALEDAIHANH,44,LEDAIHANH,6,"SN 613A, Lê Đại Hành",Lê Đại Hành,1,1
462,44,SN652APLEDAIHANH,44,LEDAIHANH,7,"SN 652, Ấp Lệ Đái Hánh",Lê Đại Hành,1,1
463,44,SN798ALEDAIHNAH,44,LEDAIHANH,8,"SN 798A, Lê Đại Hnàh",Lê Đại Hành,1,1
464,44,SN89884LEDAIHANH,44,LEDAIHANH,7,"SN 898/84, Lê Đại Hành",Lê Đại Hành,1,1
465,44,SN997LEANAIIHAONH,44,LEDAIHANH,9,"SN 997, Leâ Ñaïi Haønh",Lê Đại Hành,1,1
455,44,SN1612DAIHANH,44,LEDAIHANH,6,"SN 16/12, Đại Hành",Lê Đại Hành,1,1
460,44,SN601CDAIHANH,44,LEDAIHANH,6,"SN 601C, Đài Hảnh",Lê Đại Hành,1,1
1066,45,SN65849KHONGXACDINHLEVANLUONG,45,LEVANLUONG,19,"SN 658/49, Không xác định Lề Văn Lửờng",Lê Văn Lương,0,0
469,45,SN355LEVANLUONG,45,LEVANLUONG,5,"SN 355, Lê Văn Lương",Lê Văn Lương,1,1
467,45,SN26611LEVANLUONG,45,LEVANLUONG,7,"SN 266/11, Lê Văn Lương",Lê Văn Lương,1,1
466,45,SN221LEAVAENLOONG,45,LEVANLUONG,8,"SN 221, Leâ Vaên Löông",Lê Văn Lương,1,1
471,45,SN453NHA2TANGLEVANLUONG,45,LEVANLUONG,13,"SN 453, Nhà 2 tầng Lê Văn Lương",Lê Văn Lương,1,1
1064,45,SN12420LEVAN,45,LEVANLUONG,11,"SN 124/20, Lê Văn",Lê Văn Lương,0,0
472,45,SN621LEVANLUONG,45,LEVANLUONG,5,"SN 621, Lệ Văn Lừỡng",Lê Văn Lương,1,1
473,45,SN934LEAVNLUONG,45,LEVANLUONG,7,"SN 934, Lê ăVn Lương",Lê Văn Lương,1,1
468,45,SN28897ALEVANLUONG,45,LEVANLUONG,8,"SN 288/97A, Lê Văn Lương",Lê Văn Lương,1,1
470,45,SN39371BLEVANULONG,45,LEVANLUONG,10,"SN 393/71B, Lê Văn ưLơng",Lê Văn Lương,1,1
1065,45,SN50213BLEVAN,45,LEVANLUONG,12,"SN 502/13B, Lể Văn",Lê Văn Lương,0,0
481,46,SN79663CNGUYENQUANGBICH,46,NGUYENQUANGBICH,8,"SN 796/63C, Nguyên Quang Bìch",Nguyễn Quang Bích,1,1
480,46,SN71959QUANGBICH,46,NGUYENQUANGBICH,6,"SN 719/59, Quang Bích",Nguyễn Quang Bích,1,1
479,46,SN67598NGUYENQUANGIBCH,46,NGUYENQUANGBICH,9,"SN 675/98, Nguyễn Quang íBch",Nguyễn Quang Bích,1,1
483,46,SN89566APNGUYENQUANGBICH,46,NGUYENQUANGBICH,9,"SN 895/66, Ấp Nguyễn Quang Bích",Nguyễn Quang Bích,1,1
477,46,SN49NHA2TANGNGUYENQUANGBICH,46,NGUYENQUANGBICH,12,"SN 49, Nhà 2 tầng Nguyển Quang Bịch",Nguyễn Quang Bích,1,1
476,46,SN436NGUYENQUANGBICH,46,NGUYENQUANGBICH,5,"SN 436, Nguyễn Quang Bích",Nguyễn Quang Bích,1,1
475,46,SN26320NGUYENQUANGBICH,46,NGUYENQUANGBICH,7,"SN 263/20, Nguyễn Quang Bích",Nguyễn Quang Bích,1,1
474,46,SN164AQUANGBICH,46,NGUYENQUANGBICH,6,"SN 164A, Quang Bĩch",Nguyễn Quang Bích,1,1
484,46,SN94563NGUYEANQUANGBICH,46,NGUYENQUANGBICH,8,"SN 945/63, Nguyeãn Quang Bích",Nguyễn Quang Bích,1,1
482,46,SN81121BNUGYENQUANGBICH,46,NGUYENQUANGBICH,9,"SN 811/21B, Nugyễn Quang Bích",Nguyễn Quang Bích,1,1
478,46,SN490ANGUYENQUANGBICH,46,NGUYENQUANGBICH,6,"SN 490A, Nguyễn Quang Bích",Nguyễn Quang Bích,1,1
1067,47,SN219HOANGVIET,47,HOANGQUOCVIET,9,"SN 219, Hoảng Viểt",Hoàng Quốc Việt,0,0
493,47,SN84940ANHA2TANGHOANGQUOCVIET,47,HOANGQUOCVIET,16,"SN 849/40A, Nhà 2 tầng Hoãng Quồc Viễt",Hoàng Quốc Việt,1,1
485,47,SN18340HOAONGQUOACVIEAT,47,HOANGQUOCVIET,10,"SN 183/40, Hoaøng Quoác Vieät",Hoàng Quốc Việt,1,1
486,47,SN227HOANGQUOCVIET,47,HOANGQUOCVIET,5,"SN 227, Hoàng Quốc Việt",Hoàng Quốc Việt,1,1
487,47,SN419HONAGQUOCVIET,47,HOANGQUOCVIET,7,"SN 419, Honàg Quốc Việt",Hoàng Quốc Việt,1,1
488,47,SN41CHOANGQUOC,47,HOANGQUOCVIET,9,"SN 41C, Hoàng Quốc",Hoàng Quốc Việt,1,1
489,47,SN606AHOANGQUOCVIET,47,HOANGQUOCVIET,6,"SN 606A, Hoạng Quồc Viết",Hoàng Quốc Việt,1,1
490,47,SN61095HOANGQUOCVIET,47,HOANGQUOCVIET,7,"SN 610/95, Hoàng Quốc Việt",Hoàng Quốc Việt,1,1
491,47,SN620BNHATRONGHOANGQUOCVIET,47,HOANGQUOCVIET,14,"SN 620B, Nhà trống Hoàng Quốc Việt",Hoàng Quốc Việt,1,1
492,47,SN81749HOANGQUOCVITE,47,HOANGQUOCVIET,9,"SN 817/49, Hoàng Quốc Vitệ",Hoàng Quốc Việt,1,1
494,47,SN93826CHOANGQUOCVIET,47,HOANGQUOCVIET,8,"SN 938/26C, Hoàng Quốc Việt",Hoàng Quốc Việt,1,1
504,48,SN896TRAANCAOVAAN,48,TRANCAOVAN,7,"SN 896, Traàn Cao Vaân",Trần Cao Vân,1,1
495,48,SN20593ATRANCAOVAN,48,TRANCAOVAN,8,"SN 205/93A, Trân Cao Vần",Trần Cao Vân,1,1
496,48,SN27153CAPTRANCAOVAN,48,TRANCAOVAN,10,"SN 271/53C, Ấp Trân Cao Vận",Trần Cao Vân,1,1
497,48,SN286BTRNACAOVAN,48,TRANCAOVAN,8,"SN 286B, Trnầ Cao Vân",Trần Cao Vân,1,1
498,48,SN33755CTRANCAOVAN,48,TRANCAOVAN,8,"SN 337/55C, Trần Cao Vân",Trần Cao Vân,1,1
500,48,SN45227CRTANCAOVAN,48,TRANCAOVAN,9,"SN 452/27C, rTần Cao Vân",Trần Cao Vân,1,1
501,48,SN584TRANCAO,48,TRANCAOVAN,8,"SN 584, Trẫn Cao",Trần Cao Vân,1,1
502,48,SN67369BCAOVAN,48,TRANCAOVAN,8,"SN 673/69B, Cao Vân",Trần Cao Vân,1,1
503,48,SN78370ANGOTRANCAOVAN,48,TRANCAOVAN,11,"SN 783/70A, Ngõ Trần Cao Vân",Trần Cao Vân,1,1
505,48,SN976BTRANCAOVAN,48,TRANCAOVAN,6,"SN 976B, Trần Cao Vân",Trần Cao Vân,1,1
499,48,SN443TRANCAOVAN,48,TRANCAOVAN,5,"SN 443, Trần Cao Vân",Trần Cao Vân,1,1
512,49,SN681CTRANQUOCTOAN,49,TRANQUOCTOAN,6,"SN 681C, Trẫn Quộc Toàn",Trần Quốc Toản,1,1
515,49,SN797ATRAANQUOACTOAUN,49,TRANQUOCTOAN,9,"SN 797A, Traàn Quoác Toaûn",Trần Quốc Toản,1,1
506,49,SN1633BTRANQOUCTOAN,49,TRANQUOCTOAN,9,"SN 16/33B, Trần Qốuc Toản",Trần Quốc Toản,1,1
507,49,SN2080TRANQUOCTOAN,49,TRANQUOCTOAN,6,"SN 20/80, Trần Quốc Toản",Trần Quốc Toản,1,1
508,49,SN44699TRANQUOCTAON,49,TRANQUOCTOAN,9,"SN 446/99, Trần Quốc Tảon",Trần Quốc Toản,1,1
509,49,SN488PHUONGTRANQUOCTOAN,49,TRANQUOCTOAN,11,"SN 488, Phường Trận Quộc Toạn",Trần Quốc Toản,1,1
510,49,SN557TRANQUOC,49,TRANQUOCTOAN,9,"SN 557, Trận Quỗc",Trần Quốc Toản,1,1
511,49,SN64186ACSHTRANQUOCTOAN,49,TRANQUOCTOAN,11,"SN 641/86A, CSH Trần Quốc Toản",Trần Quốc Toản,1,1
513,49,SN7073BQUOCTOAN,49,TRANQUOCTOAN,7,"SN 70/73B, Quốc Toản",Trần Quốc Toản,1,1
514,49,SN778TRANQUOCTOAN,49,TRANQUOCTOAN,5,"SN 778, Trần Quốc Toản",Trần Quốc Toản,1,1
516,49,SN99ATRANQUOCTOAN,49,TRANQUOCTOAN,5,"SN 99A, Trần Quốc Toản",Trần Quốc Toản,1,1
524,50,SN755PHAMNGOCTHACH,50,PHAMNGOCTHACH,5,"SN 755, Phạm Ngọc Thạch",Phạm Ngọc Thạch,1,1
523,50,SN56629PHAMNGOCTHACH,50,PHAMNGOCTHACH,7,"SN 566/29, Phàm Ngóc Thách",Phạm Ngọc Thạch,1,1
521,50,SN431BPHAMNGOCTHACH,50,PHAMNGOCTHACH,6,"SN 431B, Phạm Ngọc Thạch",Phạm Ngọc Thạch,1,1
520,50,SN353PHAMNOGCTHACH,50,PHAMNGOCTHACH,7,"SN 353, Phạm Nọgc Thạch",Phạm Ngọc Thạch,1,1
1068,50,SN594CPHAMNGOC,50,PHAMNGOCTHACH,11,"SN 594C, Phạm Ngọc",Phạm Ngọc Thạch,0,0
518,50,SN161BPHAIMNGOICTHAICH,50,PHAMNGOCTHACH,9,"SN 161B, Phaïm Ngoïc Thaïch",Phạm Ngọc Thạch,1,1
517,50,SN151PHAMTHACH,50,PHAMNGOCTHACH,9,"SN 151, Phám Thàch",Phạm Ngọc Thạch,1,1
525,50,SN883HEMPHAMNGOCTHACH,50,PHAMNGOCTHACH,8,"SN 883, Hẻm Phạm Ngọc Thạch",Phạm Ngọc Thạch,1,1
519,50,SN24141HEMPHAMNGOCTHACH,50,PHAMNGOCTHACH,10,"SN 241/41, Hẻm Phảm Ngòc Thảch",Phạm Ngọc Thạch,1,1
526,50,SN898APHAMNGOCHTACH,50,PHAMNGOCTHACH,8,"SN 898A, Phạm Ngọc hTạch",Phạm Ngọc Thạch,1,1
522,50,SN45121BPHAMNGOCTHACH,50,PHAMNGOCTHACH,8,"SN 451/21B, Phạm Ngọc Thạch",Phạm Ngọc Thạch,1,1
1069,51,SN334BTRUONGDINH,51,TRUONGCONGDINH,9,"SN 334B, Trữớng Đĩnh",Trương Công Định,0,0
530,51,SN21476ATRUONGCONGDINH,51,TRUONGCONGDINH,8,"SN 214/76A, Trương Công Định",Trương Công Định,1,1
531,51,SN224BTRUONGCONGDINH,51,TRUONGCONGDINH,6,"SN 224B, Trửỡng Cộng Đỉnh",Trương Công Định,1,1
532,51,SN2940HEMTRUONGCONGDINH,51,TRUONGCONGDINH,9,"SN 29/40, Hẻm Trương Công Định",Trương Công Định,1,1
533,51,SN50914ATRUONGCONGDINH,51,TRUONGCONGDINH,8,"SN 509/14A, Trương Công Định",Trương Công Định,1,1
534,51,SN8467TROUNGCONGDINH,51,TRUONGCONGDINH,8,"SN 846/7, Trơưng Công Định",Trương Công Định,1,1
535,51,SN95937TRUONGCONGDINH,51,TRUONGCONGDINH,7,"SN 959/37, Trương Công Định",Trương Công Định,1,1
1070,51,SN999TRUONGDINH,51,TRUONGCONGDINH,8,"SN 99/9, Trương Định",Trương Công Định,0,0
529,51,SN21179NHATRONGTRUONGCONGDINH,51,TRUONGCONGDINH,15,"SN 211/79, Nhà trống Trửớng Cỗng Đình",Trương Công Định,1,1
527,51,SN132TRUONGCONGIDNH,51,TRUONGCONGDINH,7,"SN 132, Trương Công ịĐnh",Trương Công Định,1,1
528,51,SN17746TROONGCOANGNONH,51,TRUONGCONGDINH,11,"SN 17746, Tröông Coâng Ñònh",Trương Công Định,1,1
542,52,SN54859BNGUYENHUUTHO,52,NGUYENHUUTHO,8,"SN 548/59B, Nguyễn Huữ Thọ",Nguyễn Hữu Thọ,1,1
541,52,SN482BNGUYEANHOOUTHOI,52,NGUYENHUUTHO,10,"SN 482B, Nguyeãn Höõu Thoï",Nguyễn Hữu Thọ,1,1
544,52,SN78584CCSHNGUYENHUUTHO,52,NGUYENHUUTHO,11,"SN 785/84C, CSH Nguyển Hưu Thõ",Nguyễn Hữu Thọ,1,1
539,52,SN308KHONGXACDINHNGUYENHUUTHO,52,NGUYENHUUTHO,17,"SN 308, Không xác định Nguyễn Hữu Thọ",Nguyễn Hữu Thọ,1,1
538,52,SN29936ANGUYENHUUTHO,52,NGUYENHUUTHO,8,"SN 299/36A, Nguyễn Hữu Thọ",Nguyễn Hữu Thọ,1,1
537,52,SN25616NGUYENTHO,52,NGUYENHUUTHO,10,"SN 256/16, Nguyễn Thọ",Nguyễn Hữu Thọ,1,1
536,52,SN223BNGUYENTHO,52,NGUYENHUUTHO,9,"SN 223B, Nguyển Thõ",Nguyễn Hữu Thọ,1,1
545,52,SN806NGUYENHUUTHO,52,NGUYENHUUTHO,5,"SN 806, Nguyễn Hữu Thọ",Nguyễn Hữu Thọ,1,1
546,52,SN90395BNGUYENUHUTHO,52,NGUYENHUUTHO,10,"SN 903/95B, Nguyễn ữHu Thọ",Nguyễn Hữu Thọ,1,1
543,52,SN745NGUYENHUUTHO,52,NGUYENHUUTHO,5,"SN 745, Nguyễn Hữu Thọ",Nguyễn Hữu Thọ,1,1
540,52,SN40015CNGUYENHUUTHO,52,NGUYENHUUTHO,8,"SN 400/15C, Nguyện Hứu Thò",Nguyễn Hữu Thọ,1,1
1072,53,SN945BTRANXUAN,53,TRANXUANSOAN,10,"SN 945B, Trân Xuấn",Trần Xuân Soạn,0,0
1071,53,SN7545CTRANXUAN,53,TRANXUANSOAN,11,"SN 754/5C, Trần Xuân",Trần Xuân Soạn,0,0
549,53,SN156RTANXUANSOAN,53,TRANXUANSOAN,6,"SN 156, rTần Xuân Soạn",Trần Xuân Soạn,1,1
554,53,SN74688ATRANXUANSAON,53,TRANXUANSOAN,10,"SN 746/88A, Trần Xuân Sạon",Trần Xuân Soạn,1,1
547,53,SN1268CNGOTRANXUANSOAN,53,TRANXUANSOAN,10,"SN 12/68C, Ngõ Trẫn Xuẩn Soàn",Trần Xuân Soạn,1,1
548,53,SN14080ANGOTRANXUANSOAN,53,TRANXUANSOAN,11,"SN 140/80A, Ngõ Trần Xuân Soạn",Trần Xuân Soạn,1,1
550,53,SN17874TRANXUANSOAN,53,TRANXUANSOAN,7,"SN 178/74, Trần Xuân Soạn",Trần Xuân Soạn,1,1
551,53,SN41339TRANXUANSOAN,53,TRANXUANSOAN,7,"SN 413/39, Trân Xuẫn Soãn",Trần Xuân Soạn,1,1
552,53,SN455TRANXUANSOAN,53,TRANXUANSOAN,5,"SN 455, Trần Xuân Soạn",Trần Xuân Soạn,1,1
553,53,SN71BTRAANXUAANSOAIN,53,TRANXUANSOAN,8,"SN 71B, Traàn Xuaân Soaïn",Trần Xuân Soạn,1,1
555,53,SN807BTRANXUANSOAN,53,TRANXUANSOAN,6,"SN 807B, Trần Xuân Soạn",Trần Xuân Soạn,1,1
556,54,SN2069NGUYENTHUONGHIEN,54,NGUYENTHUONGHIEN,6,"SN 206/9, Nguyễn Thượng Hiền",Nguyễn Thượng Hiền,1,1
557,54,SN248ANGUYEANTHOOINGHIEAN,54,NGUYENTHUONGHIEN,10,"SN 248A, Nguyeãn Thöôïng Hieàn",Nguyễn Thượng Hiền,1,1
559,54,SN35691CNGUYNETHUONGHIEN,54,NGUYENTHUONGHIEN,10,"SN 356/91C, Nguynễ Thượng Hiền",Nguyễn Thượng Hiền,1,1
560,54,SN38KHONGBIETNGUYENTHUONGHIEN,54,NGUYENTHUONGHIEN,13,"SN 38, Không biết Nguyễn Thượng Hiền",Nguyễn Thượng Hiền,1,1
558,54,SN261CNGUYENTHUONGHIEN,54,NGUYENTHUONGHIEN,6,"SN 261C, Nguyễn Thượng Hiền",Nguyễn Thượng Hiền,1,1
562,54,SN525NGYUENTHUONGHIEN,54,NGUYENTHUONGHIEN,7,"SN 525, Ngyuễn Thượng Hiền",Nguyễn Thượng Hiền,1,1
564,54,SN756CSHNGUYENTHUONGHIEN,54,NGUYENTHUONGHIEN,8,"SN 756, CSH Nguyển Thựởng Hiển",Nguyễn Thượng Hiền,1,1
1073,54,SN166CNGUYENHIEN,54,NGUYENTHUONGHIEN,10,"SN 166C, Nguyễn Hiền",Nguyễn Thượng Hiền,0,0
1074,54,SN587NGUYENTHUONG,54,NGUYENTHUONGHIEN,9,"SN 587, Nguyện Thửơng",Nguyễn Thượng Hiền,0,0
561,54,SN428CNGUYENTHUONGHIEN,54,NGUYENTHUONGHIEN,6,"SN 428C, Nguyên Thừỡng Hiên",Nguyễn Thượng Hiền,1,1
563,54,SN67484CNGUYENTHUONGHIEN,54,NGUYENTHUONGHIEN,8,"SN 674/84C, Nguyễn Thượng Hiền",Nguyễn Thượng Hiền,1,1
575,55,SN921APHANVANTRI,55,PHANVANTRI,6,"SN 921A, Phan Văn Trị",Phan Văn Trị,1,1
565,55,SN120PHANTRI,55,PHANVANTRI,7,"SN 120, Phan Trì",Phan Văn Trị,1,1
566,55,SN22192CPHNAVANTRI,55,PHANVANTRI,10,"SN 221/92C, Phna Văn Trị",Phan Văn Trị,1,1
567,55,SN24033CPHANTRI,55,PHANVANTRI,10,"SN 240/33C, Phan Trị",Phan Văn Trị,1,1
568,55,SN34PHANVANTRI,55,PHANVANTRI,4,"SN 34, Phan Văn Trị",Phan Văn Trị,1,1
569,55,SN42656APHUONGPHANVANTRI,55,PHANVANTRI,14,"SN 426/56A, Phường Phan Văn Trị",Phan Văn Trị,1,1
570,55,SN4294PHANVAENTRO,55,PHANVANTRI,8,"SN 429/4, Phan Vaên Trò",Phan Văn Trị,1,1
571,55,SN46049HEMPHANVANTRI,55,PHANVANTRI,10,"SN 460/49, Hẻm Phan Văn Trỉ",Phan Văn Trị,1,1
574,55,SN89375PHANVANTRI,55,PHANVANTRI,7,"SN 893/75, Phan Văn Trí",Phan Văn Trị,1,1
572,55,SN5724BPHANVANTRI,55,PHANVANTRI,7,"SN 57/24B, Phan Văn Trị",Phan Văn Trị,1,1
573,55,SN668PHANVANRTI,55,PHANVANTRI,7,"SN 668, Phan Văn rTị",Phan Văn Trị,1,1
576,56,SN176BNGUYENVANTHOAI,56,NGUYENVANTHOAI,6,"SN 176B, Nguyện Văn Thoãi",Nguyễn Văn Thoại,1,1
1075,56,SN737NGUYENVAN,56,NGUYENVANTHOAI,10,"SN 737, Nguyến Văn",Nguyễn Văn Thoại,0,0
585,56,SN97283NGUYENVNATHOAI,56,NGUYENVANTHOAI,9,"SN 972/83, Nguyễn Vnă Thoại",Nguyễn Văn Thoại,1,1
584,56,SN60965ANGUYENTHOAI,56,NGUYENVANTHOAI,11,"SN 609/65A, Nguyễn Thoại",Nguyễn Văn Thoại,1,1
583,56,SN563NGUYENVANTHOAI,56,NGUYENVANTHOAI,5,"SN 563, Nguyễn Văn Thoại",Nguyễn Văn Thoại,1,1
577,56,SN20455BNGUYENAVNTHOAI,56,NGUYENVANTHOAI,10,"SN 204/55B, Nguyễn ăVn Thoại",Nguyễn Văn Thoại,1,1
581,56,SN37734NGUYEANVAENTHOAII,56,NGUYENVANTHOAI,10,"SN 377/34, Nguyeãn Vaên Thoaïi",Nguyễn Văn Thoại,1,1
578,56,SN2659NGUYENVANTHOAI,56,NGUYENVANTHOAI,6,"SN 265/9, Nguyễn Văn Thoại",Nguyễn Văn Thoại,1,1
580,56,SN356NGUYENVANTHOAI,56,NGUYENVANTHOAI,5,"SN 356, Nguyễn Văn Thoại",Nguyễn Văn Thoại,1,1
579,56,SN33152CPHONGUYENVANTHOAI,56,NGUYENVANTHOAI,11,"SN 331/52C, Phố Nguyện Văn Thoài",Nguyễn Văn Thoại,1,1
582,56,SN393PHONGUYENVANTHOAI,56,NGUYENVANTHOAI,8,"SN 393, Phố Nguyễn Văn Thoại",Nguyễn Văn Thoại,1,1
596,57,SN99370CCSHNGUYENKIMHONG,57,NGUYENKIMHONG,11,"SN 993/70C, CSH Nguyễn Kim Hồng",Nguyễn Kim Hồng,1,1
595,57,SN97676ANGUYENKIMHONG,57,NGUYENKIMHONG,8,"SN 976/76A, Nguyễn Kim Hồng",Nguyễn Kim Hồng,1,1
594,57,SN82273ANGUYENKIMHONG,57,NGUYENKIMHONG,8,"SN 822/73A, Nguyễn Kim Hồng",Nguyễn Kim Hồng,1,1
592,57,SN615NGUYENKIMHONG,57,NGUYENKIMHONG,5,"SN 615, Nguyễn Kim Hồng",Nguyễn Kim Hồng,1,1
593,57,SN68070BKIMHONG,57,NGUYENKIMHONG,7,"SN 680/70B, Kim Hồng",Nguyễn Kim Hồng,1,1
589,57,SN490NGUYEANKIMHOANG,57,NGUYENKIMHONG,7,"SN 490, Nguyeãn Kim Hoàng",Nguyễn Kim Hồng,1,1
588,57,SN45469NGUYENKIM,57,NGUYENKIMHONG,11,"SN 45469, Nguyển Kim",Nguyễn Kim Hồng,1,1
587,57,SN304CNGUYENIKMHONG,57,NGUYENKIMHONG,8,"SN 304C, Nguyễn iKm Hồng",Nguyễn Kim Hồng,1,1
586,57,SN186BNGUYENKMIHONG,57,NGUYENKIMHONG,8,"SN 186B, Nguyễn Kmi Hồng",Nguyễn Kim Hồng,1,1
591,57,SN541BNGUYENKIMHONG,57,NGUYENKIMHONG,6,"SN 541B, Nguyền Kim Hổng",Nguyễn Kim Hồng,1,1
590,57,SN516HEMNGUYENKIMHONG,57,NGUYENKIMHONG,8,"SN 516, Hẻm Nguyện Kim Hống",Nguyễn Kim Hồng,1,1
602,58,SN591BCSHLETRONGTAN,58,LETRONGTAN,9,"SN 591B, CSH Lệ Tróng Tẫn",Lê Trọng Tấn,1,1
597,58,SN15022NGOLETRONGTAN,58,LETRONGTAN,10,"SN 150/22, Ngõ Lê Trọng Tấn",Lê Trọng Tấn,1,1
604,58,SN902LETAN,58,LETRONGTAN,7,"SN 902, Lê Tấn",Lê Trọng Tấn,1,1
598,58,SN22467ALETRONGTAN,58,LETRONGTAN,8,"SN 224/67A, Lề Trõng Tần",Lê Trọng Tấn,1,1
599,58,SN251LEATROINGTAAN,58,LETRONGTAN,8,"SN 251, Leâ Troïng Taán",Lê Trọng Tấn,1,1
600,58,SN31651LETRONGTAN,58,LETRONGTAN,7,"SN 316/51, Lê Trọng Tấn",Lê Trọng Tấn,1,1
601,58,SN462BLETRONGTNA,58,LETRONGTAN,8,"SN 462B, Lê Trọng Tnấ",Lê Trọng Tấn,1,1
603,58,SN63338ELTRONGTAN,58,LETRONGTAN,8,"SN 633/38, êL Trọng Tấn",Lê Trọng Tấn,1,1
605,58,SN951LETRONGTAN,58,LETRONGTAN,5,"SN 951, Lê Trọng Tấn",Lê Trọng Tấn,1,1
607,58,SN997TRONGTAN,58,LETRONGTAN,5,"SN 997, Trõng Tân",Lê Trọng Tấn,1,1
606,58,SN9816LETRONGTAN,58,LETRONGTAN,6,"SN 981/6, Lê Trọng Tấn",Lê Trọng Tấn,1,1
612,59,SN43986HUYNHTANPHAT,59,HUYNHTANPHAT,7,"SN 439/86, Huỹnh Tần Phảt",Huỳnh Tấn Phát,1,1
609,59,SN177AHYUNHTANPHAT,59,HUYNHTANPHAT,8,"SN 177A, Hỳunh Tấn Phát",Huỳnh Tấn Phát,1,1
613,59,SN489HEMHUYNHTANPHAT,59,HUYNHTANPHAT,8,"SN 489, Hẻm Huỹnh Tân Phạt",Huỳnh Tấn Phát,1,1
608,59,SN160CHUYNHTNAPHAT,59,HUYNHTANPHAT,8,"SN 160C, Huỳnh Tnấ Phát",Huỳnh Tấn Phát,1,1
614,59,SN5068BHUYNHTANPHAT,59,HUYNHTANPHAT,7,"SN 50/68B, Huỳnh Tấn Phát",Huỳnh Tấn Phát,1,1
615,59,SN739BPHUONGHUYNHTANPHAT,59,HUYNHTANPHAT,12,"SN 739B, Phường Huỳnh Tấn Phát",Huỳnh Tấn Phát,1,1
616,59,SN7811CTANPHAT,59,HUYNHTANPHAT,7,"SN 781/1C, Tân Phãt",Huỳnh Tấn Phát,1,1
617,59,SN901CHUYNHTANPHAT,59,HUYNHTANPHAT,6,"SN 901C, Huỳnh Tấn Phát",Huỳnh Tấn Phát,1,1
618,59,SN961HUYONHTAANPHAUT,59,HUYNHTANPHAT,8,"SN 961, Huyønh Taán Phaùt",Huỳnh Tấn Phát,1,1
610,59,SN194BHUYNHTANPHAT,59,HUYNHTANPHAT,6,"SN 194B, Huỳnh Tấn Phát",Huỳnh Tấn Phát,1,1
611,59,SN286TANPHAT,59,HUYNHTANPHAT,5,"SN 286, Tấn Phát",Huỳnh Tấn Phát,1,1
619,60,SN161BNGOTATTO,60,NGOTATTO,6,"SN 161B, Ngô Tất Tố",Ngô Tất Tố,1,1
620,60,SN194CKHONGXACDINHNGOTATTO,60,NGOTATTO,18,"SN 194C, Không xác định Ngồ Tẫt Tổ",Ngô Tất Tố,1,1
621,60,SN267BNGOTATTO,60,NGOTATTO,6,"SN 267B, Ngỗ Tât Tộ",Ngô Tất Tố,1,1
622,60,SN34180BKHONGXACDINHNGOTATTO,60,NGOTATTO,20,"SN 341/80B, Không xác định Ngô Tất Tố",Ngô Tất Tố,1,1
623,60,SN474CNGOTO,60,NGOTATTO,8,"SN 474C, Ngô Tố",Ngô Tất Tố,1,1
624,60,SN55490CTATTO,60,NGOTATTO,7,"SN 554/90C, Tẩt Tô",Ngô Tất Tố,1,1
625,60,SN752ANGOTATTO,60,NGOTATTO,6,"SN 7/52A, Ngô Tất Tố",Ngô Tất Tố,1,1
629,60,SN927BNGOTATTO,60,NGOTATTO,6,"SN 927B, Ngô Tất Tố",Ngô Tất Tố,1,1
628,60,SN89698NGOTATOT,60,NGOTATTO,9,"SN 896/98, Ngô Tất ốT",Ngô Tất Tố,1,1
626,60,SN734ANGOTATOT,60,NGOTATTO,8,"SN 734A, Ngô Tất ốT",Ngô Tất Tố,1,1
627,60,SN736BNGOATAATTOA,60,NGOTATTO,9,"SN 736B, Ngoâ Taát Toá",Ngô Tất Tố,1,1
634,61,SN49385BNGUYENVANCONG,61,NGUYENVANCONG,8,"SN 493/85B, Nguyện Văn Cộng",Nguyễn Văn Công,1,1
637,61,SN765ANGUYEANVAENCOANG,61,NGUYENVANCONG,9,"SN 765A, Nguyeãn Vaên Coâng",Nguyễn Văn Công,1,1
638,61,SN94290NGUYENVANCONG,61,NGUYENVANCONG,7,"SN 942/90, Nguyễn Văn Công",Nguyễn Văn Công,1,1
630,61,SN225KHONGXACDINHNGUYENVANCONG,61,NGUYENVANCONG,17,"SN 225, Không xác định Nguyển Văn Cồng",Nguyễn Văn Công,1,1
631,61,SN362CNGUEYNVANCONG,61,NGUYENVANCONG,8,"SN 362C, Nguễyn Văn Công",Nguyễn Văn Công,1,1
632,61,SN43685NGUYENVANCONG,61,NGUYENVANCONG,7,"SN 436/85, Nguyễn Văn Công",Nguyễn Văn Công,1,1
1076,61,SN399BNGUYENVAN,61,NGUYENVANCONG,10,"SN 399B, Nguyễn Văn",Nguyễn Văn Công,0,0
639,61,SN99932BNGUYENVANOCNG,61,NGUYENVANCONG,10,"SN 999/32B, Nguyễn Văn ôCng",Nguyễn Văn Công,1,1
633,61,SN463NGONGUYENVANCONG,61,NGUYENVANCONG,8,"SN 463, Ngõ Nguyễn Văn Công",Nguyễn Văn Công,1,1
636,61,SN61583VANCONG,61,NGUYENVANCONG,6,"SN 615/83, Văn Cồng",Nguyễn Văn Công,1,1
635,61,SN60ANGUYENVANCONG,61,NGUYENVANCONG,5,"SN 60A, Nguyễn Văn Công",Nguyễn Văn Công,1,1
642,62,SN39BOLINH,62,DINHBOLINH,4,"SN 39, Bô Lỉnh",Đinh Bộ Lĩnh,1,1
640,62,SN14050ADINHBOLINH,62,DINHBOLINH,8,"SN 140/50A, Đinh Bộ Lĩnh",Đinh Bộ Lĩnh,1,1
643,62,SN515AIDNHBOLINH,62,DINHBOLINH,7,"SN 515A, iĐnh Bộ Lĩnh",Đinh Bộ Lĩnh,1,1
644,62,SN518CDINHBOLINH,62,DINHBOLINH,6,"SN 518C, Đinh Bỗ Lỉnh",Đinh Bộ Lĩnh,1,1
645,62,SN59397CDINHLINH,62,DINHBOLINH,10,"SN 593/97C, Đinh Lĩnh",Đinh Bộ Lĩnh,1,1
646,62,SN62123CDINHBOLINH,62,DINHBOLINH,8,"SN 621/23C, Đinh Bộ Lĩnh",Đinh Bộ Lĩnh,1,1
647,62,SN649BNGODINHBOLINH,62,DINHBOLINH,9,"SN 649B, Ngõ Đinh Bồ Lính",Đinh Bộ Lĩnh,1,1
648,62,SN703NINHBOALONH,62,DINHBOLINH,8,"SN 703, Ñinh Boä Lónh",Đinh Bộ Lĩnh,1,1
649,62,SN890ADINHBOLINH,62,DINHBOLINH,6,"SN 890A, Đinh Bộ Lĩnh",Đinh Bộ Lĩnh,1,1
650,62,SN9709CDINHOBLINH,62,DINHBOLINH,9,"SN 970/9C, Đinh ộB Lĩnh",Đinh Bộ Lĩnh,1,1
641,62,SN253NGODINHBOLINH,62,DINHBOLINH,8,"SN 253, Ngõ Đinh Bộ Lĩnh",Đinh Bộ Lĩnh,1,1
654,63,SN369PHANTHANHGIAN,63,PHANTHANHGIAN,5,"SN 369, Phan Thanh Giản",Phan Thanh Giản,1,1
660,63,SN7752BHPANTHANHGIAN,63,PHANTHANHGIAN,8,"SN 77/52B, hPan Thanh Giản",Phan Thanh Giản,1,1
651,63,SN198CPHANTHANHGIAN,63,PHANTHANHGIAN,6,"SN 198C, Phan Thanh Giản",Phan Thanh Giản,1,1
652,63,SN226PAHNTHANHGIAN,63,PHANTHANHGIAN,7,"SN 226, Pahn Thanh Giản",Phan Thanh Giản,1,1
653,63,SN262ANHA2TANGPHANTHANHGIAN,63,PHANTHANHGIAN,14,"SN 262A, Nhà 2 tầng Phan Thanh Giản",Phan Thanh Giản,1,1
655,63,SN4052APHANGIAN,63,PHANTHANHGIAN,9,"SN 405/2A, Phan Gián",Phan Thanh Giản,1,1
656,63,SN5227APHANTHANHGIAN,63,PHANTHANHGIAN,7,"SN 52/27A, Phan Thanh Giản",Phan Thanh Giản,1,1
657,63,SN5761APHANTHANHGIAN,63,PHANTHANHGIAN,7,"SN 57/61A, Phan Thanh Giạn",Phan Thanh Giản,1,1
658,63,SN59782NHA2TANGPHANTHANHGIAN,63,PHANTHANHGIAN,15,"SN 597/82, Nhà 2 tầng Phan Thanh Giãn",Phan Thanh Giản,1,1
659,63,SN753PHANTHANHGIAUN,63,PHANTHANHGIAN,6,"SN 753, Phan Thanh Giaûn",Phan Thanh Giản,1,1
1077,63,SN505PHANTHANH,63,PHANTHANHGIAN,9,"SN 505, Phan Thanh",Phan Thanh Giản,0,0
671,64,SN91388CHUYNHTINHCUA,64,HUYNHTINHCUA,8,"SN 913/88C, Huỳnh Tịnh Của",Huỳnh Tịnh Của,1,1
662,64,SN15820HUYNHTINH,64,HUYNHTINHCUA,10,"SN 158/20, Huỳnh Tịnh",Huỳnh Tịnh Của,1,1
663,64,SN34251BCSHHUYNHTINHCUA,64,HUYNHTINHCUA,11,"SN 342/51B, CSH Huỷnh Tĩnh Cụa",Huỳnh Tịnh Của,1,1
664,64,SN527HUYNHTINHCUA,64,HUYNHTINHCUA,5,"SN 527, Huýnh Tỉnh Cụa",Huỳnh Tịnh Của,1,1
665,64,SN59158BHUYNHTINHUCA,64,HUYNHTINHCUA,10,"SN 591/58B, Huỳnh Tịnh ủCa",Huỳnh Tịnh Của,1,1
666,64,SN63HUYNHTINHCUA,64,HUYNHTINHCUA,4,"SN 63, Huỳnh Tịnh Của",Huỳnh Tịnh Của,1,1
667,64,SN6346CHUYNHTINHUCA,64,HUYNHTINHCUA,9,"SN 634/6C, Huỳnh Tịnh ủCa",Huỳnh Tịnh Của,1,1
668,64,SN751HUYNHTINHCUA,64,HUYNHTINHCUA,5,"SN 751, Huỳnh Tịnh Của",Huỳnh Tịnh Của,1,1
670,64,SN906HUYNHTINH,64,HUYNHTINHCUA,8,"SN 906, Huỵnh Tĩnh",Huỳnh Tịnh Của,1,1
661,64,SN119HUYONHTONHCUUA,64,HUYNHTINHCUA,8,"SN 119, Huyønh Tònh Cuûa",Huỳnh Tịnh Của,1,1
669,64,SN779KHONGXACDINHHUYNHTINHCUA,64,HUYNHTINHCUA,17,"SN 779, Không xác định Huỳnh Tịnh Của",Huỳnh Tịnh Của,1,1
676,65,SN44941BGNUYENTHIDINH,65,NGUYENTHIDINH,8,"SN 449/41B, gNuyễn Thị Định",Nguyễn Thị Định,1,1
679,65,SN80651THIDINH,65,NGUYENTHIDINH,6,"SN 806/51, Thì Đỉnh",Nguyễn Thị Định,1,1
681,65,SN96872NHA2TANGNGUYENTHIDINH,65,NGUYENTHIDINH,15,"SN 968/72, Nhà 2 tầng Nguyễn Thị Định",Nguyễn Thị Định,1,1
672,65,SN16062CNGUYENTHIDINH,65,NGUYENTHIDINH,8,"SN 160/62C, Nguyễn Thị Định",Nguyễn Thị Định,1,1
673,65,SN197ANGUYENTHIDINH,65,NGUYENTHIDINH,6,"SN 197A, Nguyễn Thị Định",Nguyễn Thị Định,1,1
674,65,SN2025NGUYENDINH,65,NGUYENTHIDINH,9,"SN 20/25, Nguyễn Định",Nguyễn Thị Định,1,1
675,65,SN31059BPHONGUYENTHIDINH,65,NGUYENTHIDINH,11,"SN 310/59B, Phố Nguyền Thỉ Đình",Nguyễn Thị Định,1,1
682,65,SN98798NGUYENTHIDINH,65,NGUYENTHIDINH,7,"SN 987/98, Nguyễn Thị Định",Nguyễn Thị Định,1,1
677,65,SN6103BNGUYENTIHDINH,65,NGUYENTHIDINH,9,"SN 610/3B, Nguyễn Tịh Định",Nguyễn Thị Định,1,1
680,65,SN880NGUYENTHIDINH,65,NGUYENTHIDINH,5,"SN 880, Nguyền Thỉ Đỉnh",Nguyễn Thị Định,1,1
678,65,SN788NGUYEANTHONONH,65,NGUYENTHIDINH,9,"SN 788, Nguyeãn Thò Ñònh",Nguyễn Thị Định,1,1
689,66,SN8745VOAVNKIET,66,VOVANKIET,8,"SN 87/45, Võ ăVn Kiệt",Võ Văn Kiệt,1,1
688,66,SN868AVOVANKIET,66,VOVANKIET,6,"SN 868A, Võ Văn Kiệt",Võ Văn Kiệt,1,1
684,66,SN306VOVANKIET,66,VOVANKIET,5,"SN 306, Võ Văn Kiệt",Võ Văn Kiệt,1,1
686,66,SN714PHUONGVOVANKIET,66,VOVANKIET,11,"SN 714, Phường Vỏ Văn Kiêt",Võ Văn Kiệt,1,1
685,66,SN35628CVOKIET,66,VOVANKIET,10,"SN 356/28C, Vọ Kiết",Võ Văn Kiệt,1,1
691,66,SN96894NHATRONGVOVANKIET,66,VOVANKIET,15,"SN 968/94, Nhà trống Võ Văn Kiệt",Võ Văn Kiệt,1,1
683,66,SN245CVOVANKIET,66,VOVANKIET,6,"SN 245C, Vỏ Văn Kiềt",Võ Văn Kiệt,1,1
687,66,SN86190VOOVAENKIEAT,66,VOVANKIET,10,"SN 861/90, Voõ Vaên Kieät",Võ Văn Kiệt,1,1
692,66,SN995VOVANKIET,66,VOVANKIET,5,"SN 995, Võ Văn Kiệt",Võ Văn Kiệt,1,1
690,66,SN958VOVNAKIET,66,VOVANKIET,7,"SN 958, Võ Vnă Kiệt",Võ Văn Kiệt,1,1
1078,66,SN843VOVAN,66,VOVANKIET,9,"SN 843, Võ Văn",Võ Văn Kiệt,0,0
694,67,SN32373BTRANDANG,67,TRANVANDANG,10,"SN 323/73B, Trận Đang",Trần Văn Đang,1,1
696,67,SN530TRANVANDAGN,67,TRANVANDANG,7,"SN 530, Trần Văn Đagn",Trần Văn Đang,1,1
697,67,SN608TRANDANG,67,TRANVANDANG,7,"SN 608, Trần Đang",Trần Văn Đang,1,1
698,67,SN617TRANVANDANG,67,TRANVANDANG,5,"SN 617, Trần Văn Đang",Trần Văn Đang,1,1
699,67,SN790BTRANVANDANG,67,TRANVANDANG,6,"SN 790B, Trận Văn Đang",Trần Văn Đang,1,1
700,67,SN79761TRANVANDANG,67,TRANVANDANG,7,"SN 797/61, Trần Văn Đang",Trần Văn Đang,1,1
701,67,SN79CTRANVNADANG,67,TRANVANDANG,7,"SN 79C, Trần Vnă Đang",Trần Văn Đang,1,1
702,67,SN88384BTRANVANDANG,67,TRANVANDANG,8,"SN 883/84B, Trần Văn Đang",Trần Văn Đang,1,1
703,67,SN97APTRANVANDANG,67,TRANVANDANG,6,"SN 97, Ấp Trẫn Văn Đang",Trần Văn Đang,1,1
693,67,SN24385CNHA2TANGTRANVANDANG,67,TRANVANDANG,16,"SN 243/85C, Nhà 2 tầng Trần Văn Đang",Trần Văn Đang,1,1
695,67,SN525BTRAANVAENNANG,67,TRANVANDANG,9,"SN 52/5B, Traàn Vaên Ñang",Trần Văn Đang,1,1
1079,68,SN788NGUYENVAN,68,NGUYENVANLUONG,10,"SN 788, Nguyễn Văn",Nguyễn Văn Luông,0,0
705,68,SN36968NGUYENVANLUONG,68,NGUYENVANLUONG,7,"SN 369/68, Nguyễn Văn Luông",Nguyễn Văn Luông,1,1
712,68,SN96155BGNUYENVANLUONG,68,NGUYENVANLUONG,8,"SN 961/55B, gNuyễn Văn Luông",Nguyễn Văn Luông,1,1
711,68,SN95962NGUYEANVAENLUOANG,68,NGUYENVANLUONG,10,"SN 959/62, Nguyeãn Vaên Luoâng",Nguyễn Văn Luông,1,1
710,68,SN935NGUYENVANLUONG,68,NGUYENVANLUONG,5,"SN 935, Nguyện Văn Luỗng",Nguyễn Văn Luông,1,1
709,68,SN899CNGUYENVANLUONG,68,NGUYENVANLUONG,6,"SN 899C, Nguyễn Văn Luông",Nguyễn Văn Luông,1,1
708,68,SN79229BAPNGUYENVANLUONG,68,NGUYENVANLUONG,10,"SN 792/29B, Ấp Nguyền Văn Luỗng",Nguyễn Văn Luông,1,1
707,68,SN70969ANGYUENVANLUONG,68,NGUYENVANLUONG,10,"SN 709/69A, Ngyuễn Văn Luông",Nguyễn Văn Luông,1,1
706,68,SN427BNGUYENVANLUONG,68,NGUYENVANLUONG,6,"SN 427B, Nguyễn Văn Luông",Nguyễn Văn Luông,1,1
704,68,SN28655CSHNGUYENVANLUONG,68,NGUYENVANLUONG,10,"SN 286/55, CSH Nguyễn Văn Luông",Nguyễn Văn Luông,1,1
1080,68,SN9132NGUYENVAN,68,NGUYENVANLUONG,11,"SN 91/32, Nguyên Văn",Nguyễn Văn Luông,0,0
721,69,SN836BUITHIXUAN,69,BUITHIXUAN,5,"SN 836, Búi Thì Xuẩn",Bùi Thị Xuân,1,1
713,69,SN12078BUITHIXUAN,69,BUITHIXUAN,7,"SN 120/78, Bùi Thị Xuân",Bùi Thị Xuân,1,1
714,69,SN22BUIXUAN,69,BUITHIXUAN,6,"SN 22, Bũi Xuận",Bùi Thị Xuân,1,1
715,69,SN35710APHOBUITHIXUAN,69,BUITHIXUAN,11,"SN 357/10A, Phố Bùi Thị Xuân",Bùi Thị Xuân,1,1
716,69,SN610BUITHIXUAN,69,BUITHIXUAN,5,"SN 610, Bùi Thị Xuân",Bùi Thị Xuân,1,1
717,69,SN66368AKHONGBIETBUITHIXUAN,69,BUITHIXUAN,17,"SN 663/68A, Không biết Bủi Thĩ Xuẩn",Bùi Thị Xuân,1,1
718,69,SN68489BUIHTIXUAN,69,BUITHIXUAN,9,"SN 684/89, Bùi hTị Xuân",Bùi Thị Xuân,1,1
719,69,SN759BUIXUAN,69,BUITHIXUAN,7,"SN 759, Bùi Xuân",Bùi Thị Xuân,1,1
720,69,SN78982BBUOITHOXUAAN,69,BUITHIXUAN,11,"SN 789/82B, Buøi Thò Xuaân",Bùi Thị Xuân,1,1
722,69,SN909BUITHIXUAN,69,BUITHIXUAN,5,"SN 909, Bùi Thị Xuân",Bùi Thị Xuân,1,1
723,69,SN940BUITHIXAUN,69,BUITHIXUAN,7,"SN 940, Bùi Thị Xâun",Bùi Thị Xuân,1,1
730,70,SN70037CLEAHOANGPHONG,70,LEHONGPHONG,10,"SN 700/37C, Leâ Hoàng Phong",Lê Hồng Phong,1,1
734,70,SN999CLEHONGPHONG,70,LEHONGPHONG,6,"SN 999C, Lễ Hổng Phong",Lê Hồng Phong,1,1
733,70,SN817LEHONGPHONG,70,LEHONGPHONG,5,"SN 817, Lê Hồng Phong",Lê Hồng Phong,1,1
732,70,SN77835NHATRONGLEHONGPHONG,70,LEHONGPHONG,15,"SN 778/35, Nhà trống Lê Hồng Phong",Lê Hồng Phong,1,1
731,70,SN758AHONGPHONG,70,LEHONGPHONG,6,"SN 758A, Hồng Phong",Lê Hồng Phong,1,1
729,70,SN68165BELHONGPHONG,70,LEHONGPHONG,9,"SN 681/65B, êL Hồng Phong",Lê Hồng Phong,1,1
725,70,SN40477CPHUONGLEHONGPHONG,70,LEHONGPHONG,14,"SN 404/77C, Phường Lể Hổng Phong",Lê Hồng Phong,1,1
727,70,SN59512CLEPHONG,70,LEHONGPHONG,10,"SN 595/12C, Lễ Phong",Lê Hồng Phong,1,1
726,70,SN573LEHONGHPONG,70,LEHONGPHONG,7,"SN 573, Lê Hồng hPong",Lê Hồng Phong,1,1
724,70,SN118BLEHONGPHONG,70,LEHONGPHONG,6,"SN 118B, Lê Hồng Phong",Lê Hồng Phong,1,1
728,70,SN623LEHONGPHONG,70,LEHONGPHONG,5,"SN 623, Lê Hồng Phong",Lê Hồng Phong,1,1
745,71,SN973PHAMHAI,71,PHAMVANHAI,8,"SN 973, Phàm Hai",Phạm Văn Hai,1,1
742,71,SN71915PHAMVANHAI,71,PHAMVANHAI,7,"SN 719/15, Phạm Văn Hai",Phạm Văn Hai,1,1
744,71,SN9662PHAMVANHAI,71,PHAMVANHAI,6,"SN 96/62, Phãm Văn Hai",Phạm Văn Hai,1,1
743,71,SN8059APHAMHAI,71,PHAMVANHAI,9,"SN 80/59A, Phạm Hai",Phạm Văn Hai,1,1
741,71,SN69334BPHAIMVAENHAI,71,PHAMVANHAI,10,"SN 693/34B, Phaïm Vaên Hai",Phạm Văn Hai,1,1
736,71,SN33568BPHAMVANAHI,71,PHAMVANHAI,10,"SN 335/68B, Phạm Văn aHi",Phạm Văn Hai,1,1
739,71,SN600CPHAMVANAHI,71,PHAMVANHAI,8,"SN 600C, Phạm Văn aHi",Phạm Văn Hai,1,1
738,71,SN50315PHAMVANHAI,71,PHAMVANHAI,7,"SN 503/15, Phạm Văn Hai",Phạm Văn Hai,1,1
737,71,SN4776CSHPHAMVANHAI,71,PHAMVANHAI,9,"SN 47/76, CSH Phãm Văn Hai",Phạm Văn Hai,1,1
735,71,SN23BPHAMVANHAI,71,PHAMVANHAI,5,"SN 23B, Phạm Văn Hai",Phạm Văn Hai,1,1
740,71,SN662BKHONGBIETPHAMVANHAI,71,PHAMVANHAI,15,"SN 662B, Không biết Phạm Văn Hai",Phạm Văn Hai,1,1
1081,72,SN891BDOXUAN,72,DOXUANHOP,9,"SN 891B, Độ Xuấn",Đỗ Xuân Hợp,0,0
746,72,SN14077BDOUXANHOP,72,DOXUANHOP,10,"SN 140/77B, Đỗ uXân Hợp",Đỗ Xuân Hợp,1,1
747,72,SN514ADOXUANOHP,72,DOXUANHOP,8,"SN 514A, Đỗ Xuân ợHp",Đỗ Xuân Hợp,1,1
748,72,SN727DOXUANHOP,72,DOXUANHOP,5,"SN 727, Đỗ Xuân Hợp",Đỗ Xuân Hợp,1,1
749,72,SN73BDOXUANHOP,72,DOXUANHOP,5,"SN 73B, Đố Xuấn Hớp",Đỗ Xuân Hợp,1,1
753,72,SN95511PHUONGDOXUANHOP,72,DOXUANHOP,13,"SN 955/11, Phường Đổ Xuận Hỡp",Đỗ Xuân Hợp,1,1
751,72,SN891BXUANHOP,72,DOXUANHOP,6,"SN 891B, Xuân Hợp",Đỗ Xuân Hợp,1,1
750,72,SN75040DOXUANHOP,72,DOXUANHOP,7,"SN 750/40, Đỗ Xuân Hợp",Đỗ Xuân Hợp,1,1
754,72,SN95ANOAXUAANHOIP,72,DOXUANHOP,9,"SN 95A, Ñoã Xuaân Hôïp",Đỗ Xuân Hợp,1,1
755,72,SN984DOXUANHOP,72,DOXUANHOP,5,"SN 984, Đỗ Xuân Hợp",Đỗ Xuân Hợp,1,1
752,72,SN93153CNHATRONGDOXUANHOP,72,DOXUANHOP,16,"SN 931/53C, Nhà trống Đỗ Xuân Hợp",Đỗ Xuân Hợp,1,1
756,73,SN19017NGUYENVANATO,73,NGUYENVANTAO,9,"SN 190/17, Nguyễn Văn ạTo",Nguyễn Văn Tạo,1,1
758,73,SN225BNGUYENVANTAO,73,NGUYENVANTAO,6,"SN 225B, Nguyễn Văn Tạo",Nguyễn Văn Tạo,1,1
759,73,SN226CNGUYENVANTOA,73,NGUYENVANTAO,8,"SN 226C, Nguyễn Văn Toạ",Nguyễn Văn Tạo,1,1
760,73,SN344CNGUYEANVAENTAIO,73,NGUYENVANTAO,9,"SN 344C, Nguyeãn Vaên Taïo",Nguyễn Văn Tạo,1,1
761,73,SN44430ANGUYENVANTAO,73,NGUYENVANTAO,8,"SN 444/30A, Nguyễn Văn Tạo",Nguyễn Văn Tạo,1,1
762,73,SN615NGUYENVANTAO,73,NGUYENVANTAO,5,"SN 615, Nguyến Văn Tảo",Nguyễn Văn Tạo,1,1
757,73,SN2262CNGUYENVANTAO,73,NGUYENVANTAO,7,"SN 22/62C, Nguyễn Văn Tạo",Nguyễn Văn Tạo,1,1
765,73,SN84231CPHUONGNGUYENVANTAO,73,NGUYENVANTAO,14,"SN 842/31C, Phường Nguyên Văn Tảo",Nguyễn Văn Tạo,1,1
1082,73,SN305CNGUYENVAN,73,NGUYENVANTAO,9,"SN 305C, Nguyện Văn",Nguyễn Văn Tạo,0,0
764,73,SN83282NGONGUYENVANTAO,73,NGUYENVANTAO,10,"SN 832/82, Ngõ Nguyễn Văn Tạo",Nguyễn Văn Tạo,1,1
763,73,SN740NGUYENTAO,73,NGUYENVANTAO,8,"SN 740, Nguyễn Tạo",Nguyễn Văn Tạo,1,1
766,74,SN14274PHANTONDUC,74,PHANTONDUC,7,"SN 142/74, Phan Tôn Đức",Phan Tôn Đức,1,1
767,74,SN14355ATONDUC,74,PHANTONDUC,8,"SN 143/55A, Tộn Đực",Phan Tôn Đức,1,1
768,74,SN3211NHA2TANGPHANTONDUC,74,PHANTONDUC,14,"SN 32/11, Nhà 2 tầng Phan Tỗn Đữc",Phan Tôn Đức,1,1
769,74,SN469BPHANTOANNOUC,74,PHANTONDUC,9,"SN 469B, Phan Toân Ñöùc",Phan Tôn Đức,1,1
771,74,SN64879CNHATRONGPHANTONDUC,74,PHANTONDUC,16,"SN 648/79C, Nhà trống Phan Tôn Đức",Phan Tôn Đức,1,1
776,74,SN92833PHANTONDUC,74,PHANTONDUC,7,"SN 928/33, Phan Tỗn Đữc",Phan Tôn Đức,1,1
775,74,SN8829PHANTONDUC,74,PHANTONDUC,6,"SN 882/9, Phan Tôn Đức",Phan Tôn Đức,1,1
774,74,SN8730APHANOTNDUC,74,PHANTONDUC,9,"SN 87/30A, Phan ôTn Đức",Phan Tôn Đức,1,1
773,74,SN84297BTONDUC,74,PHANTONDUC,8,"SN 842/97B, Tôn Đức",Phan Tôn Đức,1,1
772,74,SN773CPHANTONDUC,74,PHANTONDUC,6,"SN 773C, Phan Tôn Đức",Phan Tôn Đức,1,1
770,74,SN5722CPHANTNODUC,74,PHANTONDUC,9,"SN 572/2C, Phan Tnô Đức",Phan Tôn Đức,1,1
786,75,SN949BKHONGBIETNGUYENBINHKHIEM,75,NGUYENBINHKHIEM,15,"SN 949B, Không biết Nguyện Bịnh Khiếm",Nguyễn Bỉnh Khiêm,1,1
783,75,SN711NGYUENBINHKHIEM,75,NGUYENBINHKHIEM,7,"SN 711, Ngyuễn Bỉnh Khiêm",Nguyễn Bỉnh Khiêm,1,1
1083,75,SN73952NGUYENBINH,75,NGUYENBINHKHIEM,12,"SN 739/52, Nguyễn Bỉnh",Nguyễn Bỉnh Khiêm,0,0
784,75,SN714CNGUYENIBNHKHIEM,75,NGUYENBINHKHIEM,8,"SN 714C, Nguyễn ỉBnh Khiêm",Nguyễn Bỉnh Khiêm,1,1
785,75,SN72830BNGUYEANBAENHKHIEAM,75,NGUYENBINHKHIEM,12,"SN 728/30B, Nguyeãn Bænh Khieâm",Nguyễn Bỉnh Khiêm,1,1
782,75,SN7081NGUYENBINHKHIEM,75,NGUYENBINHKHIEM,6,"SN 708/1, Nguyễn Bỉnh Khiêm",Nguyễn Bỉnh Khiêm,1,1
780,75,SN368NGUYENBINHKHIEM,75,NGUYENBINHKHIEM,5,"SN 368, Nguyễn Bỉnh Khiêm",Nguyễn Bỉnh Khiêm,1,1
779,75,SN312ABINHKHIEM,75,NGUYENBINHKHIEM,6,"SN 312A, Bịnh Khiếm",Nguyễn Bỉnh Khiêm,1,1
781,75,SN441NGUYENBINHKHIEM,75,NGUYENBINHKHIEM,5,"SN 441, Nguyễn Bỉnh Khiêm",Nguyễn Bỉnh Khiêm,1,1
777,75,SN25677AKHONGXACDINHNGUYENBINHKHIEM,75,NGUYENBINHKHIEM,20,"SN 256/77A, Không xác định Nguyễn Bỉnh Khiêm",Nguyễn Bỉnh Khiêm,1,1
778,75,SN29739NGUYENBINHKHIEM,75,NGUYENBINHKHIEM,7,"SN 297/39, Nguyền Bình Khiếm",Nguyễn Bỉnh Khiêm,1,1
791,76,SN538NGUYEANVAENTOU,76,NGUYENVANTU,8,"SN 538, Nguyeãn Vaên Töù",Nguyễn Văn Tứ,1,1
796,76,SN846PHUONGNGUYENVANTU,76,NGUYENVANTU,11,"SN 846, Phường Nguyễn Văn Tứ",Nguyễn Văn Tứ,1,1
795,76,SN767ANGUYENVAN,76,NGUYENVANTU,8,"SN 767A, Nguyễn Văn",Nguyễn Văn Tứ,1,1
790,76,SN496BNGUYENVANTU,76,NGUYENVANTU,6,"SN 496B, Nguyền Văn Từ",Nguyễn Văn Tứ,1,1
794,76,SN763ANGUYENVANTU,76,NGUYENVANTU,6,"SN 763A, Nguyễn Văn Tứ",Nguyễn Văn Tứ,1,1
793,76,SN71660ANGUYENVANTU,76,NGUYENVANTU,8,"SN 716/60A, Nguyễn Văn Tứ",Nguyễn Văn Tứ,1,1
789,76,SN31691ANUGYENVANTU,76,NGUYENVANTU,9,"SN 316/91A, Nugyễn Văn Tứ",Nguyễn Văn Tứ,1,1
788,76,SN25543BPHONGUYENVANTU,76,NGUYENVANTU,11,"SN 255/43B, Phố Nguyến Văn Tư",Nguyễn Văn Tứ,1,1
792,76,SN679NGUYENVANTU,76,NGUYENVANTU,5,"SN 679, Nguyễn Văn Tứ",Nguyễn Văn Tứ,1,1
787,76,SN10619NGUYENVANUT,76,NGUYENVANTU,9,"SN 106/19, Nguyễn Văn ứT",Nguyễn Văn Tứ,1,1
797,76,SN947ANGUYENVAN,76,NGUYENVANTU,8,"SN 947A, Nguyến Văn",Nguyễn Văn Tứ,1,1
807,77,SN94018LETHANHNGHI,77,LETHANHNGHI,7,"SN 940/18, Lê Thanh Nghị",Lê Thanh Nghị,1,1
799,77,SN30516BNHA2TANGLETHANHNGHI,77,LETHANHNGHI,16,"SN 305/16B, Nhà 2 tầng Lế Thanh Nghĩ",Lê Thanh Nghị,1,1
800,77,SN338ELTHANHNGHI,77,LETHANHNGHI,6,"SN 338, êL Thanh Nghị",Lê Thanh Nghị,1,1
801,77,SN48588ALETHNAHNGHI,77,LETHANHNGHI,10,"SN 485/88A, Lê Thnah Nghị",Lê Thanh Nghị,1,1
802,77,SN508ALENGHI,77,LETHANHNGHI,7,"SN 508A, Lế Nghĩ",Lê Thanh Nghị,1,1
803,77,SN554ALETHANHNGHI,77,LETHANHNGHI,6,"SN 554A, Lễ Thanh Nghỉ",Lê Thanh Nghị,1,1
804,77,SN795ANHA2TANGLETHANHNGHI,77,LETHANHNGHI,14,"SN 795A, Nhà 2 tầng Lê Thanh Nghị",Lê Thanh Nghị,1,1
805,77,SN81686ALETHANHNGHI,77,LETHANHNGHI,8,"SN 816/86A, Lê Thanh Nghị",Lê Thanh Nghị,1,1
806,77,SN939LEATHANHNGHO,77,LETHANHNGHI,7,"SN 939, Leâ Thanh Nghò",Lê Thanh Nghị,1,1
798,77,SN147CLETHANHNGHI,77,LETHANHNGHI,6,"SN 147C, Lê Thanh Nghị",Lê Thanh Nghị,1,1
1084,77,SN2014BLETHANH,77,LETHANHNGHI,11,"SN 201/4B, Lê Thanh",Lê Thanh Nghị,0,0
808,78,SN142PHAMVANCHIEU,78,PHAMVANCHIEU,5,"SN 142, Phạm Văn Chiêu",Phạm Văn Chiêu,1,1
817,78,SN902PHAMVANCHIEU,78,PHAMVANCHIEU,5,"SN 902, Phảm Văn Chiếu",Phạm Văn Chiêu,1,1
809,78,SN143BHEMPHAMVANCHIEU,78,PHAMVANCHIEU,9,"SN 143B, Hẻm Phạm Văn Chiêu",Phạm Văn Chiêu,1,1
810,78,SN17924BPHAMVNACHIEU,78,PHAMVANCHIEU,10,"SN 179/24B, Phạm Vnă Chiêu",Phạm Văn Chiêu,1,1
811,78,SN31894BVANCHIEU,78,PHAMVANCHIEU,8,"SN 318/94B, Văn Chiều",Phạm Văn Chiêu,1,1
812,78,SN51895CPHAMVANCHIEU,78,PHAMVANCHIEU,8,"SN 518/95C, Phạm Văn Chiêu",Phạm Văn Chiêu,1,1
813,78,SN58967KHONGBIETPHAMVANCHIEU,78,PHAMVANCHIEU,16,"SN 589/67, Không biết Phám Văn Chiễu",Phạm Văn Chiêu,1,1
814,78,SN80PHAMVANCHIEU,78,PHAMVANCHIEU,4,"SN 80, Phạm Văn Chiêu",Phạm Văn Chiêu,1,1
815,78,SN82092AVANCHIEU,78,PHAMVANCHIEU,8,"SN 820/92A, Văn Chiêu",Phạm Văn Chiêu,1,1
816,78,SN875PHAIMVAENCHIEAU,78,PHAMVANCHIEU,8,"SN 875, Phaïm Vaên Chieâu",Phạm Văn Chiêu,1,1
818,78,SN965PHAMVNACHIEU,78,PHAMVANCHIEU,7,"SN 965, Phạm Vnă Chiêu",Phạm Văn Chiêu,1,1
828,79,SN801CHUNYHVANLUY,79,HUYNHVANLUY,8,"SN 801C, Hunỳh Văn Lũy",Huỳnh Văn Lũy,1,1
819,79,SN108CHUYNHVNALUY,79,HUYNHVANLUY,8,"SN 108C, Huỳnh Vnă Lũy",Huỳnh Văn Lũy,1,1
820,79,SN1787BHUYNHVANLUY,79,HUYNHVANLUY,7,"SN 17/87B, Huỳnh Văn Lũy",Huỳnh Văn Lũy,1,1
821,79,SN24715CPHUONGHUYNHVANLUY,79,HUYNHVANLUY,14,"SN 247/15C, Phường Huỷnh Văn Lụy",Huỳnh Văn Lũy,1,1
822,79,SN258HUYNHVANLUY,79,HUYNHVANLUY,5,"SN 258, Huỳnh Văn Lũy",Huỳnh Văn Lũy,1,1
823,79,SN52774HUYNHVANLUY,79,HUYNHVANLUY,7,"SN 527/74, Huýnh Văn Lùy",Huỳnh Văn Lũy,1,1
824,79,SN546HUYONHVAENLUOY,79,HUYNHVANLUY,8,"SN 546, Huyønh Vaên Luõy",Huỳnh Văn Lũy,1,1
825,79,SN55154HUYNHVAN,79,HUYNHVANLUY,10,"SN 551/54, Huỹnh Văn",Huỳnh Văn Lũy,1,1
826,79,SN709BHUYNHVANLUY,79,HUYNHVANLUY,6,"SN 709B, Huỳnh Văn Lũy",Huỳnh Văn Lũy,1,1
829,79,SN897ANHATRONGHUYNHVANLUY,79,HUYNHVANLUY,14,"SN 897A, Nhà trống Huỳnh Văn Lũy",Huỳnh Văn Lũy,1,1
827,79,SN79681HUYNHVAN,79,HUYNHVANLUY,10,"SN 796/81, Huỳnh Văn",Huỳnh Văn Lũy,1,1
837,80,SN904ANHATRONGTRANVANGIAU,80,TRANVANGIAU,14,"SN 904A, Nhà trống Trấn Văn Giãu",Trần Văn Giàu,1,1
833,80,SN446TRANGIAU,80,TRANVANGIAU,7,"SN 446, Trần Giàu",Trần Văn Giàu,1,1
835,80,SN68515TRANVANGIAU,80,TRANVANGIAU,7,"SN 685/15, Trần Văn Giàu",Trần Văn Giàu,1,1
836,80,SN781ATRANVANGIAU,80,TRANVANGIAU,6,"SN 781A, Trần Văn Giàu",Trần Văn Giàu,1,1
838,80,SN91617TRANVANIGAU,80,TRANVANGIAU,9,"SN 916/17, Trần Văn iGàu",Trần Văn Giàu,1,1
839,80,SN95KHONGBIETTRANVANGIAU,80,TRANVANGIAU,13,"SN 95, Không biết Trần Văn Giàu",Trần Văn Giàu,1,1
840,80,SN980TRANVANGIAU,80,TRANVANGIAU,5,"SN 980, Trấn Văn Giáu",Trần Văn Giàu,1,1
830,80,SN17723TRANGIAU,80,TRANVANGIAU,9,"SN 177/23, Trấn Giảu",Trần Văn Giàu,1,1
831,80,SN18422TRAANVAENGIAOU,80,TRANVANGIAU,10,"SN 184/22, Traàn Vaên Giaøu",Trần Văn Giàu,1,1
834,80,SN67693CTRANVANIGAU,80,TRANVANGIAU,10,"SN 676/93C, Trần Văn iGàu",Trần Văn Giàu,1,1
832,80,SN41693ATRANVANGIAU,80,TRANVANGIAU,8,"SN 416/93A, Trần Văn Giàu",Trần Văn Giàu,1,1
848,81,SN76327NHA2TANGDINHCONGTRANG,81,DINHCONGTRANG,15,"SN 763/27, Nhà 2 tầng Đinh Công Tráng",Đinh Công Tráng,1,1
847,81,SN675ADINHCONGTRANG,81,DINHCONGTRANG,6,"SN 675A, Đinh Công Tráng",Đinh Công Tráng,1,1
846,81,SN661DINHCONGTRANG,81,DINHCONGTRANG,5,"SN 661, Đinh Công Tráng",Đinh Công Tráng,1,1
841,81,SN1105DINHCONGTRANG,81,DINHCONGTRANG,6,"SN 110/5, Đinh Cổng Trãng",Đinh Công Tráng,1,1
843,81,SN18761BNINHCOANGTRAUNG,81,DINHCONGTRANG,11,"SN 187/61B, Ñinh Coâng Traùng",Đinh Công Tráng,1,1
842,81,SN12831KHONGBIETDINHCONGTRANG,81,DINHCONGTRANG,16,"SN 128/31, Không biết Đinh Cỗng Trãng",Đinh Công Tráng,1,1
844,81,SN246DINHCONGTRANG,81,DINHCONGTRANG,5,"SN 246, Đinh Công Tráng",Đinh Công Tráng,1,1
849,81,SN928DINHCONGTRNAG,81,DINHCONGTRANG,7,"SN 928, Đinh Công Trnág",Đinh Công Tráng,1,1
845,81,SN395DINHOCNGTRANG,81,DINHCONGTRANG,7,"SN 395, Đinh ôCng Tráng",Đinh Công Tráng,1,1
1085,81,SN3330CDINHTRANG,81,DINHCONGTRANG,9,"SN 33/30C, Đinh Tráng",Đinh Công Tráng,0,0
1086,81,SN336ADINHTRANG,81,DINHCONGTRANG,9,"SN 336A, Đinh Trảng",Đinh Công Tráng,0,0
852,82,SN26587ANHA2TANGNGUYENVANMAI,82,NGUYENVANMAI,16,"SN 265/87A, Nhà 2 tầng Nguyền Văn Mãi",Nguyễn Văn Mại,1,1
853,82,SN681CNHA2TANGNGUYENVANMAI,82,NGUYENVANMAI,14,"SN 681C, Nhà 2 tầng Nguyễn Văn Mại",Nguyễn Văn Mại,1,1
854,82,SN69115BNGUYENVANMIA,82,NGUYENVANMAI,10,"SN 691/15B, Nguyễn Văn Miạ",Nguyễn Văn Mại,1,1
855,82,SN75171ANGUYEANVAENMAII,82,NGUYENVANMAI,11,"SN 751/71A, Nguyeãn Vaên Maïi",Nguyễn Văn Mại,1,1
856,82,SN838VANMAI,82,NGUYENVANMAI,6,"SN 838, Văn Mại",Nguyễn Văn Mại,1,1
857,82,SN85737NGUYENVANMAI,82,NGUYENVANMAI,7,"SN 857/37, Nguyễn Văn Mại",Nguyễn Văn Mại,1,1
858,82,SN902CNGUYENVANMAI,82,NGUYENVANMAI,6,"SN 902C, Nguyễn Văn Mại",Nguyễn Văn Mại,1,1
859,82,SN962CNGUYENVANMIA,82,NGUYENVANMAI,8,"SN 962C, Nguyễn Văn Miạ",Nguyễn Văn Mại,1,1
1087,82,SN700NGUYENVAN,82,NGUYENVANMAI,8,"SN 700, Nguyến Văn",Nguyễn Văn Mại,0,0
850,82,SN17851BNGUYENVANMAI,82,NGUYENVANMAI,8,"SN 178/51B, Nguyến Văn Mài",Nguyễn Văn Mại,1,1
851,82,SN17876NGUYENVANMAI,82,NGUYENVANMAI,7,"SN 178/76, Nguyễn Văn Mại",Nguyễn Văn Mại,1,1
1088,83,SN42790NGUYENTHIEN,83,NGUYENTHIENTHUAT,12,"SN 427/90, Nguyền Thiến",Nguyễn Thiện Thuật,0,0
1089,83,SN531NGUYENTHIEN,83,NGUYENTHIENTHUAT,10,"SN 531, Nguyễn Thiện",Nguyễn Thiện Thuật,0,0
868,83,SN96646NGUYEANTHIEANTHUAAT,83,NGUYENTHIENTHUAT,10,"SN 966/46, Nguyeãn Thieän Thuaät",Nguyễn Thiện Thuật,1,1
860,83,SN10916ANGUYENTHIENHTUAT,83,NGUYENTHIENTHUAT,10,"SN 109/16A, Nguyễn Thiện hTuật",Nguyễn Thiện Thuật,1,1
861,83,SN14546KHONGXACDINHNGUYENTHIENTHUAT,83,NGUYENTHIENTHUAT,19,"SN 145/46, Không xác định Nguyễn Thiện Thuật",Nguyễn Thiện Thuật,1,1
862,83,SN194BNGUYENTHIENTHUAT,83,NGUYENTHIENTHUAT,6,"SN 194B, Nguyễn Thiện Thuật",Nguyễn Thiện Thuật,1,1
863,83,SN22117CSHNGUYENTHIENTHUAT,83,NGUYENTHIENTHUAT,10,"SN 221/17, CSH Nguyền Thiển Thuât",Nguyễn Thiện Thuật,1,1
864,83,SN23ANGUYENTHIENTHUAT,83,NGUYENTHIENTHUAT,5,"SN 23A, Nguyện Thiển Thuầt",Nguyễn Thiện Thuật,1,1
865,83,SN38ANGUYENTHIENTHUAT,83,NGUYENTHIENTHUAT,5,"SN 38A, Nguyễn Thiện Thuật",Nguyễn Thiện Thuật,1,1
866,83,SN43NUGYENTHIENTHUAT,83,NGUYENTHIENTHUAT,5,"SN 43, Nugyễn Thiện Thuật",Nguyễn Thiện Thuật,1,1
867,83,SN61235NGUYENTHIENTHUAT,83,NGUYENTHIENTHUAT,7,"SN 612/35, Nguyễn Thiện Thuật",Nguyễn Thiện Thuật,1,1
1090,84,SN49248CNGUYENVAN,84,NGUYENVANLOC,11,"SN 492/48C, Nguyên Văn",Nguyễn Văn Lộc,0,0
1091,84,SN6NGUYENVAN,84,NGUYENVANLOC,6,"SN 6, Nguyễn Văn",Nguyễn Văn Lộc,0,0
869,84,SN100BKHONGXACDINHNGUYENVANLOC,84,NGUYENVANLOC,18,"SN 100B, Không xác định Nguyền Văn Lồc",Nguyễn Văn Lộc,1,1
870,84,SN26221NGUYENVANLCO,84,NGUYENVANLOC,9,"SN 262/21, Nguyễn Văn Lcộ",Nguyễn Văn Lộc,1,1
877,84,SN939CNGUEYNVANLOC,84,NGUYENVANLOC,8,"SN 939C, Nguễyn Văn Lộc",Nguyễn Văn Lộc,1,1
872,84,SN323NGUYENVANLOC,84,NGUYENVANLOC,5,"SN 323, Nguyễn Văn Lộc",Nguyễn Văn Lộc,1,1
875,84,SN65779NGUYENVANLOC,84,NGUYENVANLOC,7,"SN 657/79, Nguyên Văn Lỗc",Nguyễn Văn Lộc,1,1
871,84,SN2990BNGUYENVANLOC,84,NGUYENVANLOC,7,"SN 29/90B, Nguyễn Văn Lộc",Nguyễn Văn Lộc,1,1
876,84,SN720NGUYEANVAENLOAC,84,NGUYENVANLOC,8,"SN 720, Nguyeãn Vaên Loäc",Nguyễn Văn Lộc,1,1
873,84,SN5229KHONGBIETNGUYENVANLOC,84,NGUYENVANLOC,15,"SN 52/29, Không biết Nguyễn Văn Lộc",Nguyễn Văn Lộc,1,1
874,84,SN58089NGUYENVANLOC,84,NGUYENVANLOC,7,"SN 580/89, Nguyễn Văn Lộc",Nguyễn Văn Lộc,1,1
887,85,SN99120ATRANVAN,85,TRANVANKY,10,"SN 991/20A, Trấn Văn",Trần Văn Kỷ,1,1
878,85,SN28916TRNAVANKY,85,TRANVANKY,9,"SN 289/16, Trnầ Văn Kỷ",Trần Văn Kỷ,1,1
879,85,SN313TRAANVAENKYU,85,TRANVANKY,8,"SN 313, Traàn Vaên Kyû",Trần Văn Kỷ,1,1
880,85,SN331TRANVANKY,85,TRANVANKY,5,"SN 331, Trần Văn Kỷ",Trần Văn Kỷ,1,1
881,85,SN33956TRANVANKY,85,TRANVANKY,7,"SN 339/56, Trần Văn Kỷ",Trần Văn Kỷ,1,1
882,85,SN453CTRANKY,85,TRANVANKY,8,"SN 453C, Trần Kỷ",Trần Văn Kỷ,1,1
883,85,SN574BCSHTRANVANKY,85,TRANVANKY,9,"SN 574B, CSH Trận Văn Ký",Trần Văn Kỷ,1,1
884,85,SN61424TRANVANKY,85,TRANVANKY,7,"SN 614/24, Trấn Văn Ký",Trần Văn Kỷ,1,1
885,85,SN627TRNAVANKY,85,TRANVANKY,7,"SN 627, Trnầ Văn Kỷ",Trần Văn Kỷ,1,1
886,85,SN718CTRANVANKY,85,TRANVANKY,6,"SN 718C, Trần Văn Kỷ",Trần Văn Kỷ,1,1
888,85,SN99776APHOTRANVANKY,85,TRANVANKY,11,"SN 997/76A, Phố Trần Văn Kỷ",Trần Văn Kỷ,1,1
889,86,SN19451OVTHISAU,86,VOTHISAU,8,"SN 194/51, õV Thị Sáu",Võ Thị Sáu,1,1
1092,86,SN619AVOTHI,86,VOTHISAU,9,"SN 619A, Võ Thị",Võ Thị Sáu,0,0
891,86,SN3419AVOSAU,86,VOTHISAU,9,"SN 341/9A, Vỏ Sàu",Võ Thị Sáu,1,1
898,86,SN913VOTHISAU,86,VOTHISAU,5,"SN 913, Võ Thị Sáu",Võ Thị Sáu,1,1
897,86,SN74699BVOTHIASU,86,VOTHISAU,10,"SN 746/99B, Võ Thị áSu",Võ Thị Sáu,1,1
896,86,SN742CPHOVOTHISAU,86,VOTHISAU,9,"SN 742C, Phố Võ Thị Sáu",Võ Thị Sáu,1,1
895,86,SN71838VOTHISAU,86,VOTHISAU,7,"SN 718/38, Vó Thì Sảu",Võ Thị Sáu,1,1
890,86,SN2876APHUONGVOTHISAU,86,VOTHISAU,13,"SN 287/6A, Phường Vó Thì Sãu",Võ Thị Sáu,1,1
893,86,SN572BVOOTHOSAUU,86,VOTHISAU,9,"SN 572B, Voõ Thò Saùu",Võ Thị Sáu,1,1
892,86,SN387VOTHISAU,86,VOTHISAU,5,"SN 387, Võ Thị Sáu",Võ Thị Sáu,1,1
894,86,SN623AVOTHISAU,86,VOTHISAU,6,"SN 623A, Võ Thị Sáu",Võ Thị Sáu,1,1
909,87,SN87CNGUYENHKUYEN,87,NGUYENKHUYEN,7,"SN 87C, Nguyễn hKuyến",Nguyễn Khuyến,1,1
908,87,SN820KHUYEN,87,NGUYENKHUYEN,6,"SN 820, Khuyên",Nguyễn Khuyến,1,1
900,87,SN20757BHEMNGUYENKHUYEN,87,NGUYENKHUYEN,11,"SN 207/57B, Hẻm Nguyên Khuyễn",Nguyễn Khuyến,1,1
901,87,SN245CKHUYEN,87,NGUYENKHUYEN,6,"SN 245C, Khuyến",Nguyễn Khuyến,1,1
903,87,SN259ANGUYENKHUYNE,87,NGUYENKHUYEN,8,"SN 259A, Nguyễn Khuynế",Nguyễn Khuyến,1,1
907,87,SN79257NHA2TANGNGUYENKHUYEN,87,NGUYENKHUYEN,15,"SN 792/57, Nhà 2 tầng Nguyễn Khuyến",Nguyễn Khuyến,1,1
906,87,SN63979ANGUYENKHUYEN,87,NGUYENKHUYEN,8,"SN 639/79A, Nguyễn Khuyến",Nguyễn Khuyến,1,1
905,87,SN430ANGUYENKHUYEN,87,NGUYENKHUYEN,6,"SN 430A, Nguyễn Khuyến",Nguyễn Khuyến,1,1
904,87,SN40890NGUYENKHUYEN,87,NGUYENKHUYEN,7,"SN 408/90, Nguyễn Khuyến",Nguyễn Khuyến,1,1
899,87,SN205NGUYENKHUYEN,87,NGUYENKHUYEN,5,"SN 205, Nguyện Khuyên",Nguyễn Khuyến,1,1
902,87,SN258ANGUYEANKHUYEAN,87,NGUYENKHUYEN,8,"SN 258A, Nguyeãn Khuyeán",Nguyễn Khuyến,1,1
917,88,SN631NGUYENVANHUONG,88,NGUYENVANHUONG,5,"SN 631, Nguyện Văn Hứờng",Nguyễn Văn Hưởng,1,1
916,88,SN618ANGUYENVNAHUONG,88,NGUYENVANHUONG,8,"SN 618A, Nguyễn Vnă Hưởng",Nguyễn Văn Hưởng,1,1
914,88,SN52764ANGUYENVANHUONG,88,NGUYENVANHUONG,8,"SN 527/64A, Nguyễn Văn Hưởng",Nguyễn Văn Hưởng,1,1
912,88,SN288BNGUYENVNAHUONG,88,NGUYENVANHUONG,8,"SN 288B, Nguyễn Vnă Hưởng",Nguyễn Văn Hưởng,1,1
911,88,SN2687NHATRONGNGUYENVANHUONG,88,NGUYENVANHUONG,14,"SN 26/87, Nhà trống Nguyễn Văn Hưởng",Nguyễn Văn Hưởng,1,1
910,88,SN24531NGUYENVANHUONG,88,NGUYENVANHUONG,7,"SN 245/31, Nguyễn Văn Hưởng",Nguyễn Văn Hưởng,1,1
913,88,SN45955CVANHUONG,88,NGUYENVANHUONG,7,"SN 459/55C, Văn Hưởng",Nguyễn Văn Hưởng,1,1
920,88,SN765NGUYENVANHUONG,88,NGUYENVANHUONG,5,"SN 765, Nguyễn Văn Hưởng",Nguyễn Văn Hưởng,1,1
919,88,SN700NGUYEANVAENHOOUNG,88,NGUYENVANHUONG,9,"SN 700, Nguyeãn Vaên Höôûng",Nguyễn Văn Hưởng,1,1
918,88,SN652ANGUYENHUONG,88,NGUYENVANHUONG,9,"SN 652A, Nguyến Hửơng",Nguyễn Văn Hưởng,1,1
915,88,SN584CSHNGUYENVANHUONG,88,NGUYENVANHUONG,8,"SN 584, CSH Nguyển Văn Hửỡng",Nguyễn Văn Hưởng,1,1
922,89,SN15820NGUYENVANDAU,89,NGUYENVANDAU,7,"SN 158/20, Nguyễn Văn Đậu",Nguyễn Văn Đậu,1,1
921,89,SN15693NUGYENVANDAU,89,NGUYENVANDAU,8,"SN 156/93, Nugyễn Văn Đậu",Nguyễn Văn Đậu,1,1
929,89,SN898AGNUYENVANDAU,89,NGUYENVANDAU,6,"SN 898A, gNuyễn Văn Đậu",Nguyễn Văn Đậu,1,1
924,89,SN266CKHONGBIETNGUYENVANDAU,89,NGUYENVANDAU,15,"SN 266C, Không biết Nguyễn Văn Đậu",Nguyễn Văn Đậu,1,1
1093,89,SN25CNGUYENVAN,89,NGUYENVANDAU,8,"SN 25C, Nguyễn Văn",Nguyễn Văn Đậu,0,0
925,89,SN296NGUYENVANDAU,89,NGUYENVANDAU,5,"SN 296, Nguyên Văn Đấu",Nguyễn Văn Đậu,1,1
926,89,SN716BNGUYENVANDAU,89,NGUYENVANDAU,6,"SN 716B, Nguyễn Văn Đậu",Nguyễn Văn Đậu,1,1
927,89,SN78421NGUYEANVAENNAAU,89,NGUYENVANDAU,11,"SN 784/21, Nguyeãn Vaên Ñaäu",Nguyễn Văn Đậu,1,1
928,89,SN839NGUYENDAU,89,NGUYENVANDAU,8,"SN 83/9, Nguyên Đẫu",Nguyễn Văn Đậu,1,1
923,89,SN23034APNGUYENVANDAU,89,NGUYENVANDAU,9,"SN 230/34, Ấp Nguyên Văn Đẩu",Nguyễn Văn Đậu,1,1
930,89,SN93010NGUYENVANDAU,89,NGUYENVANDAU,7,"SN 930/10, Nguyễn Văn Đậu",Nguyễn Văn Đậu,1,1
932,90,SN2418ATRUONGDINH,90,TRUONGDINH,7,"SN 241/8A, Trương Định",Trương Định,1,1
941,90,SN86378BTRUONGDINH,90,TRUONGDINH,8,"SN 863/78B, Trừờng Đình",Trương Định,1,1
931,90,SN13317ATRUONGDINH,90,TRUONGDINH,8,"SN 133/17A, Trương Định",Trương Định,1,1
939,90,SN74310DINH,90,TRUONGDINH,7,"SN 743/10, Định",Trương Định,1,1
938,90,SN715DINH,90,TRUONGDINH,6,"SN 715, Đỉnh",Trương Định,1,1
940,90,SN83APTRUONGDINH,90,TRUONGDINH,6,"SN 83, Ấp Trương Định",Trương Định,1,1
936,90,SN60570ATROUNGDINH,90,TRUONGDINH,10,"SN 605/70A, Trơưng Định",Trương Định,1,1
935,90,SN481ATRUONGDINH,90,TRUONGDINH,6,"SN 481A, Trương Định",Trương Định,1,1
934,90,SN304ARTUONGDINH,90,TRUONGDINH,7,"SN 304A, rTương Định",Trương Định,1,1
933,90,SN290AKHONGBIETTRUONGDINH,90,TRUONGDINH,15,"SN 290A, Không biết Trừợng Đình",Trương Định,1,1
937,90,SN665TROONGNONH,90,TRUONGDINH,8,"SN 665, Tröông Ñònh",Trương Định,1,1
1095,91,SN899ANHA2TANGLEVANTAM,91,LEVANTAM,14,"SN 899A, Nhà 2 tầng Lể Văn Tảm",Lê Văn Tám,0,0
1094,91,SN43BLEVAN,91,LEVANTAM,8,"SN 43B, Lể Văn",Lê Văn Tám,0,0
942,91,SN24644CLEVANTAM,91,LEVANTAM,8,"SN 246/44C, Lệ Văn Tãm",Lê Văn Tám,1,1
943,91,SN34838CLEVANTAM,91,LEVANTAM,8,"SN 348/38C, Lê Văn Tám",Lê Văn Tám,1,1
944,91,SN489AAPLEVANTAM,91,LEVANTAM,8,"SN 489A, Ấp Lê Văn Tám",Lê Văn Tám,1,1
945,91,SN51120LEAVNTAM,91,LEVANTAM,9,"SN 511/20, Lê ăVn Tám",Lê Văn Tám,1,1
946,91,SN5496CLEAVAENTAUM,91,LEVANTAM,10,"SN 54/96C, Leâ Vaên Taùm",Lê Văn Tám,1,1
947,91,SN60129LEVANTAM,91,LEVANTAM,7,"SN 601/29, Lê Văn Tám",Lê Văn Tám,1,1
948,91,SN854LEVANTAM,91,LEVANTAM,5,"SN 854, Lê Văn Tám",Lê Văn Tám,1,1
949,91,SN99058BELVANTAM,91,LEVANTAM,9,"SN 990/58B, êL Văn Tám",Lê Văn Tám,1,1
950,91,SN99524LETAM,91,LEVANTAM,9,"SN 995/24, Lê Tám",Lê Văn Tám,1,1
952,92,SN30192AAPTRANQUOCHOAN,92,TRANQUOCHOAN,10,"SN 301/92A, Ấp Trần Quốc Hoàn",Trần Quốc Hoàn,1,1
951,92,SN16937QUOCHOAN,92,TRANQUOCHOAN,7,"SN 169/37, Quộc Hoãn",Trần Quốc Hoàn,1,1
953,92,SN53299TRANQUOCHOAN,92,TRANQUOCHOAN,7,"SN 532/99, Trần Quốc Hoàn",Trần Quốc Hoàn,1,1
954,92,SN620HEMTRANQUOCHOAN,92,TRANQUOCHOAN,8,"SN 620, Hẻm Trẫn Quổc Hoạn",Trần Quốc Hoàn,1,1
955,92,SN677TRNAQUOCHOAN,92,TRANQUOCHOAN,7,"SN 677, Trnầ Quốc Hoàn",Trần Quốc Hoàn,1,1
956,92,SN76012ATRANQUOCHOAN,92,TRANQUOCHOAN,8,"SN 760/12A, Trần Quốc Hoàn",Trần Quốc Hoàn,1,1
957,92,SN8204TRANUQOCHOAN,92,TRANQUOCHOAN,8,"SN 820/4, Trần uQốc Hoàn",Trần Quốc Hoàn,1,1
958,92,SN89861TRANQUOCHOAN,92,TRANQUOCHOAN,7,"SN 898/61, Trần Quốc Hoàn",Trần Quốc Hoàn,1,1
959,92,SN94010TRANQUOCHOAN,92,TRANQUOCHOAN,7,"SN 940/10, Trẩn Quôc Hoạn",Trần Quốc Hoàn,1,1
960,92,SN9770BTRAANQUOACHOAON,92,TRANQUOCHOAN,10,"SN 97/70B, Traàn Quoác Hoaøn",Trần Quốc Hoàn,1,1
1096,92,SN58TRANHOAN,92,TRANQUOCHOAN,8,"SN 58, Trần Hoàn",Trần Quốc Hoàn,0,0
966,93,SN3269NGUYENTRONGTUYEN,93,NGUYENTRONGTUYEN,6,"SN 32/69, Nguyễn Trọng Tuyển",Nguyễn Trọng Tuyển,1,1
964,93,SN2876NGUYENTRONGTUYEN,93,NGUYENTRONGTUYEN,6,"SN 28/76, Nguyễn Trọng Tuyển",Nguyễn Trọng Tuyển,1,1
965,93,SN28599NGUYEANTROINGTUYEAN,93,NGUYENTRONGTUYEN,10,"SN 285/99, Nguyeãn Troïng Tuyeån",Nguyễn Trọng Tuyển,1,1
967,93,SN33029TRONGTUYEN,93,NGUYENTRONGTUYEN,6,"SN 330/29, Trõng Tuyến",Nguyễn Trọng Tuyển,1,1
961,93,SN164NGUYENTRNOGTUYEN,93,NGUYENTRONGTUYEN,7,"SN 164, Nguyễn Trnọg Tuyển",Nguyễn Trọng Tuyển,1,1
969,93,SN68316NGUYENTRONGTUYNE,93,NGUYENTRONGTUYEN,9,"SN 683/16, Nguyễn Trọng Tuynể",Nguyễn Trọng Tuyển,1,1
970,93,SN95640BNGUYENTRONGTUYEN,93,NGUYENTRONGTUYEN,8,"SN 956/40B, Nguyễn Trọng Tuyển",Nguyễn Trọng Tuyển,1,1
971,93,SN967TRONGTUYEN,93,NGUYENTRONGTUYEN,6,"SN 967, Trọng Tuyển",Nguyễn Trọng Tuyển,1,1
963,93,SN2486NGUYENTRONGTUYEN,93,NGUYENTRONGTUYEN,6,"SN 24/86, Nguyền Trõng Tuyễn",Nguyễn Trọng Tuyển,1,1
968,93,SN62390AAPNGUYENTRONGTUYEN,93,NGUYENTRONGTUYEN,10,"SN 623/90A, Ấp Nguyễn Trọng Tuyển",Nguyễn Trọng Tuyển,1,1
962,93,SN2376ANHATRONGNGUYENTRONGTUYEN,93,NGUYENTRONGTUYEN,15,"SN 237/6A, Nhà trống Nguyên Tròng Tuyện",Nguyễn Trọng Tuyển,1,1
1097,94,SN76567ADANGMAI,94,DANGTHAIMAI,11,"SN 765/67A, Đặng Mai",Đặng Thái Mai,0,0
973,94,SN21537DANGTHAIMAI,94,DANGTHAIMAI,7,"SN 215/37, Đặng Thái Mai",Đặng Thái Mai,1,1
974,94,SN225DANGMAI,94,DANGTHAIMAI,8,"SN 225, Đặng Mai",Đặng Thái Mai,1,1
976,94,SN4659ADANGTHAIAMI,94,DANGTHAIMAI,9,"SN 46/59A, Đặng Thái aMi",Đặng Thái Mai,1,1
977,94,SN59138NGODANGTHAIMAI,94,DANGTHAIMAI,10,"SN 591/38, Ngõ Đặng Thái Mai",Đặng Thái Mai,1,1
978,94,SN60285BNAENGTHAUIMAI,94,DANGTHAIMAI,11,"SN 602/85B, Ñaëng Thaùi Mai",Đặng Thái Mai,1,1
979,94,SN713CDANGTHAIMAI,94,DANGTHAIMAI,6,"SN 713C, Đặng Thái Mai",Đặng Thái Mai,1,1
980,94,SN717ADANGTHIAMAI,94,DANGTHAIMAI,8,"SN 717A, Đặng Thiá Mai",Đặng Thái Mai,1,1
981,94,SN76367BDANGTHAIMAI,94,DANGTHAIMAI,8,"SN 763/67B, Đặng Thái Mai",Đặng Thái Mai,1,1
972,94,SN1340BKHONGBIETDANGTHAIMAI,94,DANGTHAIMAI,16,"SN 13/40B, Không biết Đặng Thải Mai",Đặng Thái Mai,1,1
975,94,SN29DANGTHAIMAI,94,DANGTHAIMAI,4,"SN 29, Đặng Thài Mai",Đặng Thái Mai,1,1
1098,95,SN17548ANGUYENNGUYEN,95,NGUYENPHUCNGUYEN,12,"SN 175/48A, Nguyễn Nguyên",Nguyễn Phúc Nguyên,0,0
984,95,SN535NGUYENPHUCNGUYEN,95,NGUYENPHUCNGUYEN,5,"SN 535, Nguyễn Phúc Nguyên",Nguyễn Phúc Nguyên,1,1
982,95,SN14027NGUYENPHUCNUGYEN,95,NGUYENPHUCNGUYEN,9,"SN 140/27, Nguyễn Phúc Nugyên",Nguyễn Phúc Nguyên,1,1
983,95,SN410BPHUCNGUYEN,95,NGUYENPHUCNGUYEN,6,"SN 410B, Phục Nguyến",Nguyễn Phúc Nguyên,1,1
985,95,SN65BNGUYENPHUCNGUEYN,95,NGUYENPHUCNGUYEN,7,"SN 65B, Nguyễn Phúc Nguêyn",Nguyễn Phúc Nguyên,1,1
986,95,SN660CAPNGUYENPHUCNGUYEN,95,NGUYENPHUCNGUYEN,8,"SN 660C, Ấp Nguyển Phục Nguyền",Nguyễn Phúc Nguyên,1,1
987,95,SN76658NGUYENPHUCNGUYEN,95,NGUYENPHUCNGUYEN,7,"SN 766/58, Nguyễn Phúc Nguyên",Nguyễn Phúc Nguyên,1,1
988,95,SN78380ANGUYENPHUCNGUYEN,95,NGUYENPHUCNGUYEN,8,"SN 783/80A, Nguyễn Phúc Nguyên",Nguyễn Phúc Nguyên,1,1
989,95,SN838ANGUYENPHUCNGUYEN,95,NGUYENPHUCNGUYEN,6,"SN 838A, Nguyền Phủc Nguyện",Nguyễn Phúc Nguyên,1,1
990,95,SN866NGONGUYENPHUCNGUYEN,95,NGUYENPHUCNGUYEN,8,"SN 866, Ngõ Nguyễn Phúc Nguyên",Nguyễn Phúc Nguyên,1,1
991,95,SN97373NGUYEANPHUUCNGUYEAN,95,NGUYENPHUCNGUYEN,10,"SN 973/73, Nguyeãn Phuùc Nguyeân",Nguyễn Phúc Nguyên,1,1
997,96,SN54610APHANLUU,96,PHANDANGLUU,10,"SN 546/10A, Phan Lưu",Phan Đăng Lưu,1,1
1002,96,SN868CPHANDANGLUU,96,PHANDANGLUU,6,"SN 868C, Phan Đăng Lưu",Phan Đăng Lưu,1,1
1001,96,SN78251CPHUONGPHANDANGLUU,96,PHANDANGLUU,14,"SN 782/51C, Phường Phan Đăng Lưu",Phan Đăng Lưu,1,1
1000,96,SN738PHUONGPHANDANGLUU,96,PHANDANGLUU,11,"SN 738, Phường Phan Đăng Lữu",Phan Đăng Lưu,1,1
999,96,SN73419PHANDANGLUU,96,PHANDANGLUU,7,"SN 734/19, Phan Đăng Lưu",Phan Đăng Lưu,1,1
998,96,SN650PHNADANGLUU,96,PHANDANGLUU,7,"SN 650, Phna Đăng Lưu",Phan Đăng Lưu,1,1
993,96,SN309CPHANLUU,96,PHANDANGLUU,9,"SN 309C, Phan Lựu",Phan Đăng Lưu,1,1
996,96,SN47590BPHANDAGNLUU,96,PHANDANGLUU,10,"SN 475/90B, Phan Đăgn Lưu",Phan Đăng Lưu,1,1
995,96,SN44129APHANDANGLUU,96,PHANDANGLUU,8,"SN 441/29A, Phan Đăng Lưu",Phan Đăng Lưu,1,1
994,96,SN36229CPHANNAENGLOU,96,PHANDANGLUU,11,"SN 362/29C, Phan Ñaêng Löu",Phan Đăng Lưu,1,1
992,96,SN25933PHANDANGLUU,96,PHANDANGLUU,7,"SN 259/33, Phan Đăng Lừu",Phan Đăng Lưu,1,1
1008,97,SN3258NGOHUYNHVANNGHE,97,HUYNHVANNGHE,9,"SN 325/8, Ngõ Huỵnh Văn Nghê",Huỳnh Văn Nghệ,1,1
1009,97,SN426HUYNHVANNGHE,97,HUYNHVANNGHE,5,"SN 426, Huỳnh Văn Nghệ",Huỳnh Văn Nghệ,1,1
1010,97,SN64576APHUYNHVANNGHE,97,HUYNHVANNGHE,9,"SN 645/76, Ấp Huỳnh Văn Nghệ",Huỳnh Văn Nghệ,1,1
1007,97,SN265BHUYNHVANNGHE,97,HUYNHVANNGHE,6,"SN 265B, Huỳnh Văn Nghệ",Huỳnh Văn Nghệ,1,1
1013,97,SN982HUYNHVANNGHE,97,HUYNHVANNGHE,5,"SN 982, Huýnh Văn Nghế",Huỳnh Văn Nghệ,1,1
1005,97,SN22537VANNGHE,97,HUYNHVANNGHE,7,"SN 225/37, Văn Nghê",Huỳnh Văn Nghệ,1,1
1004,97,SN2175CHUYNHAVNNGHE,97,HUYNHVANNGHE,9,"SN 21/75C, Huỳnh ăVn Nghệ",Huỳnh Văn Nghệ,1,1
1003,97,SN191BHUYNHNGHE,97,HUYNHVANNGHE,9,"SN 191B, Huỳnh Nghệ",Huỳnh Văn Nghệ,1,1
1011,97,SN788HUYNHVANNGHE,97,HUYNHVANNGHE,5,"SN 788, Huỳnh Văn Nghệ",Huỳnh Văn Nghệ,1,1
1006,97,SN239AHUYONHVAENNGHEA,97,HUYNHVANNGHE,9,"SN 239A, Huyønh Vaên Ngheä",Huỳnh Văn Nghệ,1,1
1012,97,SN913BHUYNHVNANGHE,97,HUYNHVANNGHE,8,"SN 913B, Huỳnh Vnă Nghệ",Huỳnh Văn Nghệ,1,1
1099,98,SN908TRUONGDUNG,98,TRUONGQUOCDUNG,9,"SN 908, Trương Dung",Trương Quốc Dung,0,0
1014,98,SN120KHONGBIETTRUONGQUOCDUNG,98,TRUONGQUOCDUNG,14,"SN 120, Không biết Trương Quốc Dung",Trương Quốc Dung,1,1
1015,98,SN354ATRUONGQUOCDUNG,98,TRUONGQUOCDUNG,6,"SN 354A, Trương Quốc Dung",Trương Quốc Dung,1,1
1016,98,SN506BTRUONGQUCODUNG,98,TRUONGQUOCDUNG,8,"SN 506B, Trương Qucố Dung",Trương Quốc Dung,1,1
1017,98,SN649BPHUONGTRUONGQUOCDUNG,98,TRUONGQUOCDUNG,12,"SN 649B, Phường Trứớng Quồc Dung",Trương Quốc Dung,1,1
1018,98,SN757TRUONGQUOCUDNG,98,TRUONGQUOCDUNG,7,"SN 757, Trương Quốc uDng",Trương Quốc Dung,1,1
1019,98,SN763AQUOCDUNG,98,TRUONGQUOCDUNG,6,"SN 763A, Quổc Dung",Trương Quốc Dung,1,1
1020,98,SN84555TRUONGQUOCDUNG,98,TRUONGQUOCDUNG,7,"SN 845/55, Trựỡng Quộc Dung",Trương Quốc Dung,1,1
1021,98,SN865BTRUONGQUOCDUNG,98,TRUONGQUOCDUNG,6,"SN 865B, Trương Quốc Dung",Trương Quốc Dung,1,1
1022,98,SN91326TROONGQUOACDUNG,98,TRUONGQUOCDUNG,9,"SN 913/26, Tröông Quoác Dung",Trương Quốc Dung,1,1
1023,98,SN989BTRUONGQUOCDUNG,98,TRUONGQUOCDUNG,6,"SN 989B, Trương Quốc Dung",Trương Quốc Dung,1,1
1034,99,SN829ANGUYENHUUTHO,99,NGUYENHUUTHO,6,"SN 829A, Nguyễn Hữu Thọ",Nguyễn Hữu Thọ,1,1
1033,99,SN67751ANGUYENTHO,99,NGUYENHUUTHO,11,"SN 677/51A, Nguyễn Thọ",Nguyễn Hữu Thọ,1,1
1032,99,SN643CNGUYENHUUTHO,99,NGUYENHUUTHO,6,"SN 643C, Nguyễn Hữu Thọ",Nguyễn Hữu Thọ,1,1
1031,99,SN6461CGNUYENHUUTHO,99,NGUYENHUUTHO,7,"SN 64/61C, gNuyễn Hữu Thọ",Nguyễn Hữu Thọ,1,1
1030,99,SN56830APNGUYENHUUTHO,99,NGUYENHUUTHO,9,"SN 568/30, Ấp Nguyễn Hữu Thọ",Nguyễn Hữu Thọ,1,1
1029,99,SN48546CNGUYENHUUTOH,99,NGUYENHUUTHO,10,"SN 485/46C, Nguyễn Hữu Tọh",Nguyễn Hữu Thọ,1,1
1028,99,SN459NGUYEANHOOUTHOI,99,NGUYENHUUTHO,9,"SN 459, Nguyeãn Höõu Thoï",Nguyễn Hữu Thọ,1,1
1027,99,SN38893BNGUYENHUUTHO,99,NGUYENHUUTHO,8,"SN 388/93B, Nguyển Hựu Thó",Nguyễn Hữu Thọ,1,1
1026,99,SN34285CKHONGBIETNGUYENHUUTHO,99,NGUYENHUUTHO,17,"SN 342/85C, Không biết Nguyển Hứu Thó",Nguyễn Hữu Thọ,1,1
1025,99,SN182CNGUYENHUUTHO,99,NGUYENHUUTHO,6,"SN 182C, Nguyễn Hữu Thọ",Nguyễn Hữu Thọ,1,1
1024,99,SN109NGUYENTHO,99,NGUYENHUUTHO,8,"SN 109, Nguyền Thò",Nguyễn Hữu Thọ,1,1
1045,100,SN97257ADANGVANSAM,100,DANGVANSAM,8,"SN 972/57A, Đặng Văn Sâm",Đặng Văn Sâm,1,1
1044,100,SN939DANGVANSAM,100,DANGVANSAM,5,"SN 939, Đặng Văn Sẩm",Đặng Văn Sâm,1,1
1043,100,SN832DAGNVANSAM,100,DANGVANSAM,7,"SN 832, Đặgn Văn Sâm",Đặng Văn Sâm,1,1
1042,100,SN81057NHATRONGDANGVANSAM,100,DANGVANSAM,15,"SN 810/57, Nhà trống Đặng Văn Sâm",Đặng Văn Sâm,1,1
1041,100,SN723CNAENGVAENSAAM,100,DANGVANSAM,10,"SN 723C, Ñaëng Vaên Saâm",Đặng Văn Sâm,1,1
1040,100,SN693DANGVANSAM,100,DANGVANSAM,5,"SN 693, Đặng Văn Sâm",Đặng Văn Sâm,1,1
1039,100,SN593DANGSAM,100,DANGVANSAM,7,"SN 593, Đặng Sâm",Đặng Văn Sâm,1,1
1038,100,SN342ADNGVANSAM,100,DANGVANSAM,6,"SN 342, ặĐng Văn Sâm",Đặng Văn Sâm,1,1
1037,100,SN26427NHA2TANGDANGVANSAM,100,DANGVANSAM,15,"SN 264/27, Nhà 2 tầng Đặng Văn Sậm",Đặng Văn Sâm,1,1
1035,100,SN21712DANGSAM,100,DANGVANSAM,9,"SN 217/12, Đặng Sẩm",Đặng Văn Sâm,1,1
1036,100,SN235DANGVANSAM,100,DANGVANSAM,5,"SN 235, Đặng Văn Sâm",Đặng Văn Sâm,1,1
